respondent_id,profile_id,brand,price,engagement,rating,redbull,monster,price_350,price_450,eng_medium,eng_high,eng_score,follows_rb,likes_energy_drink,rb_entertaining,rb_feels_relevant,rb_cans_per_week,consumption_trend,purchase_intent_rb,familiar_with_rb,ed_per_week,price_importance,weekly_food_spend,rank_rb,rank_monster,rank_celsius,rb_brand_image,rb_affordability,sm_engagement
0,0,Celsius,3.5,High,6.0,0,0,1,0,0,1,2,1.0,1.0,1.0,1.0,0.0,0.0,0.001,1,0.0,4.0,25.0,3,1,2,2.0,4.0,1.0
0,1,Monster,2.5,High,6.0,0,1,0,0,0,1,2,1.0,1.0,1.0,1.0,0.0,0.0,0.001,1,0.0,4.0,25.0,3,1,2,2.0,4.0,1.0
0,2,Red Bull,4.5,Light,4.0,1,0,0,1,0,0,0,1.0,1.0,1.0,1.0,0.0,0.0,0.001,1,0.0,4.0,25.0,3,1,2,2.0,4.0,1.0
0,3,Monster,4.5,Medium,4.0,0,1,0,1,1,0,1,1.0,1.0,1.0,1.0,0.0,0.0,0.001,1,0.0,4.0,25.0,3,1,2,2.0,4.0,1.0
0,4,Celsius,2.5,Light,6.0,0,0,0,0,0,0,0,1.0,1.0,1.0,1.0,0.0,0.0,0.001,1,0.0,4.0,25.0,3,1,2,2.0,4.0,1.0
0,5,Red Bull,3.5,Medium,5.0,1,0,1,0,1,0,1,1.0,1.0,1.0,1.0,0.0,0.0,0.001,1,0.0,4.0,25.0,3,1,2,2.0,4.0,1.0
0,6,Celsius,2.5,Medium,6.0,0,0,0,0,1,0,1,1.0,1.0,1.0,1.0,0.0,0.0,0.001,1,0.0,4.0,25.0,3,1,2,2.0,4.0,1.0
0,7,Red Bull,4.5,High,4.0,1,0,0,1,0,1,2,1.0,1.0,1.0,1.0,0.0,0.0,0.001,1,0.0,4.0,25.0,3,1,2,2.0,4.0,1.0
0,8,Monster,3.5,High,5.0,0,1,1,0,0,1,2,1.0,1.0,1.0,1.0,0.0,0.0,0.001,1,0.0,4.0,25.0,3,1,2,2.0,4.0,1.0
0,9,Celsius,4.5,High,4.0,0,0,0,1,0,1,2,1.0,1.0,1.0,1.0,0.0,0.0,0.001,1,0.0,4.0,25.0,3,1,2,2.0,4.0,1.0
0,10,Red Bull,2.5,High,6.0,1,0,0,0,0,1,2,1.0,1.0,1.0,1.0,0.0,0.0,0.001,1,0.0,4.0,25.0,3,1,2,2.0,4.0,1.0
0,11,Monster,3.5,Light,5.0,0,1,1,0,0,0,0,1.0,1.0,1.0,1.0,0.0,0.0,0.001,1,0.0,4.0,25.0,3,1,2,2.0,4.0,1.0
1,0,Celsius,3.5,High,6.0,0,0,1,0,0,1,2,1.0,1.0,6.0,5.0,0.0,0.0,0.003,1,0.0,4.0,120.0,2,3,1,4.0,3.0,3.25
1,1,Monster,2.5,High,5.0,0,1,0,0,0,1,2,1.0,1.0,6.0,5.0,0.0,0.0,0.003,1,0.0,4.0,120.0,2,3,1,4.0,3.0,3.25
1,2,Red Bull,4.5,Light,2.0,1,0,0,1,0,0,0,1.0,1.0,6.0,5.0,0.0,0.0,0.003,1,0.0,4.0,120.0,2,3,1,4.0,3.0,3.25
1,3,Monster,4.5,Medium,1.0,0,1,0,1,1,0,1,1.0,1.0,6.0,5.0,0.0,0.0,0.003,1,0.0,4.0,120.0,2,3,1,4.0,3.0,3.25
1,4,Celsius,2.5,Light,7.0,0,0,0,0,0,0,0,1.0,1.0,6.0,5.0,0.0,0.0,0.003,1,0.0,4.0,120.0,2,3,1,4.0,3.0,3.25
1,5,Red Bull,3.5,Medium,6.0,1,0,1,0,1,0,1,1.0,1.0,6.0,5.0,0.0,0.0,0.003,1,0.0,4.0,120.0,2,3,1,4.0,3.0,3.25
1,6,Celsius,2.5,Medium,7.0,0,0,0,0,1,0,1,1.0,1.0,6.0,5.0,0.0,0.0,0.003,1,0.0,4.0,120.0,2,3,1,4.0,3.0,3.25
1,7,Red Bull,4.5,High,3.0,1,0,0,1,0,1,2,1.0,1.0,6.0,5.0,0.0,0.0,0.003,1,0.0,4.0,120.0,2,3,1,4.0,3.0,3.25
1,8,Monster,3.5,High,3.0,0,1,1,0,0,1,2,1.0,1.0,6.0,5.0,0.0,0.0,0.003,1,0.0,4.0,120.0,2,3,1,4.0,3.0,3.25
1,9,Celsius,4.5,High,3.0,0,0,0,1,0,1,2,1.0,1.0,6.0,5.0,0.0,0.0,0.003,1,0.0,4.0,120.0,2,3,1,4.0,3.0,3.25
1,10,Red Bull,2.5,High,6.0,1,0,0,0,0,1,2,1.0,1.0,6.0,5.0,0.0,0.0,0.003,1,0.0,4.0,120.0,2,3,1,4.0,3.0,3.25
1,11,Monster,3.5,Light,4.0,0,1,1,0,0,0,0,1.0,1.0,6.0,5.0,0.0,0.0,0.003,1,0.0,4.0,120.0,2,3,1,4.0,3.0,3.25
2,0,Celsius,3.5,High,6.0,0,0,1,0,0,1,2,5.0,2.0,6.0,7.0,0.0,0.0,0.4,1,0.0,4.0,50.0,3,1,2,4.0,4.0,5.0
2,1,Monster,2.5,High,7.0,0,1,0,0,0,1,2,5.0,2.0,6.0,7.0,0.0,0.0,0.4,1,0.0,4.0,50.0,3,1,2,4.0,4.0,5.0
2,2,Red Bull,4.5,Light,1.0,1,0,0,1,0,0,0,5.0,2.0,6.0,7.0,0.0,0.0,0.4,1,0.0,4.0,50.0,3,1,2,4.0,4.0,5.0
2,3,Monster,4.5,Medium,2.0,0,1,0,1,1,0,1,5.0,2.0,6.0,7.0,0.0,0.0,0.4,1,0.0,4.0,50.0,3,1,2,4.0,4.0,5.0
2,4,Celsius,2.5,Light,3.0,0,0,0,0,0,0,0,5.0,2.0,6.0,7.0,0.0,0.0,0.4,1,0.0,4.0,50.0,3,1,2,4.0,4.0,5.0
2,5,Red Bull,3.5,Medium,6.0,1,0,1,0,1,0,1,5.0,2.0,6.0,7.0,0.0,0.0,0.4,1,0.0,4.0,50.0,3,1,2,4.0,4.0,5.0
2,6,Celsius,2.5,Medium,6.0,0,0,0,0,1,0,1,5.0,2.0,6.0,7.0,0.0,0.0,0.4,1,0.0,4.0,50.0,3,1,2,4.0,4.0,5.0
2,7,Red Bull,4.5,High,4.0,1,0,0,1,0,1,2,5.0,2.0,6.0,7.0,0.0,0.0,0.4,1,0.0,4.0,50.0,3,1,2,4.0,4.0,5.0
2,8,Monster,3.5,High,4.0,0,1,1,0,0,1,2,5.0,2.0,6.0,7.0,0.0,0.0,0.4,1,0.0,4.0,50.0,3,1,2,4.0,4.0,5.0
2,9,Celsius,4.5,High,5.0,0,0,0,1,0,1,2,5.0,2.0,6.0,7.0,0.0,0.0,0.4,1,0.0,4.0,50.0,3,1,2,4.0,4.0,5.0
2,10,Red Bull,2.5,High,7.0,1,0,0,0,0,1,2,5.0,2.0,6.0,7.0,0.0,0.0,0.4,1,0.0,4.0,50.0,3,1,2,4.0,4.0,5.0
2,11,Monster,3.5,Light,5.0,0,1,1,0,0,0,0,5.0,2.0,6.0,7.0,0.0,0.0,0.4,1,0.0,4.0,50.0,3,1,2,4.0,4.0,5.0
3,0,Celsius,3.5,High,5.0,0,0,1,0,0,1,2,2.0,2.0,2.0,2.0,0.0,0.0,0.5,1,0.0,4.0,100.0,1,2,3,4.0,3.0,2.0
3,1,Monster,2.5,High,4.0,0,1,0,0,0,1,2,2.0,2.0,2.0,2.0,0.0,0.0,0.5,1,0.0,4.0,100.0,1,2,3,4.0,3.0,2.0
3,2,Red Bull,4.5,Light,4.0,1,0,0,1,0,0,0,2.0,2.0,2.0,2.0,0.0,0.0,0.5,1,0.0,4.0,100.0,1,2,3,4.0,3.0,2.0
3,3,Monster,4.5,Medium,4.0,0,1,0,1,1,0,1,2.0,2.0,2.0,2.0,0.0,0.0,0.5,1,0.0,4.0,100.0,1,2,3,4.0,3.0,2.0
3,4,Celsius,2.5,Light,5.0,0,0,0,0,0,0,0,2.0,2.0,2.0,2.0,0.0,0.0,0.5,1,0.0,4.0,100.0,1,2,3,4.0,3.0,2.0
3,5,Red Bull,3.5,Medium,5.0,1,0,1,0,1,0,1,2.0,2.0,2.0,2.0,0.0,0.0,0.5,1,0.0,4.0,100.0,1,2,3,4.0,3.0,2.0
3,6,Celsius,2.5,Medium,5.0,0,0,0,0,1,0,1,2.0,2.0,2.0,2.0,0.0,0.0,0.5,1,0.0,4.0,100.0,1,2,3,4.0,3.0,2.0
3,7,Red Bull,4.5,High,5.0,1,0,0,1,0,1,2,2.0,2.0,2.0,2.0,0.0,0.0,0.5,1,0.0,4.0,100.0,1,2,3,4.0,3.0,2.0
3,8,Monster,3.5,High,5.0,0,1,1,0,0,1,2,2.0,2.0,2.0,2.0,0.0,0.0,0.5,1,0.0,4.0,100.0,1,2,3,4.0,3.0,2.0
3,9,Celsius,4.5,High,5.0,0,0,0,1,0,1,2,2.0,2.0,2.0,2.0,0.0,0.0,0.5,1,0.0,4.0,100.0,1,2,3,4.0,3.0,2.0
3,10,Red Bull,2.5,High,4.0,1,0,0,0,0,1,2,2.0,2.0,2.0,2.0,0.0,0.0,0.5,1,0.0,4.0,100.0,1,2,3,4.0,3.0,2.0
3,11,Monster,3.5,Light,4.0,0,1,1,0,0,0,0,2.0,2.0,2.0,2.0,0.0,0.0,0.5,1,0.0,4.0,100.0,1,2,3,4.0,3.0,2.0
4,0,Celsius,3.5,High,6.0,0,0,1,0,0,1,2,1.0,1.0,1.0,1.0,0.0,0.0,0.0034999999999999996,1,0.0,5.0,10.0,3,2,1,1.0,4.0,1.0
4,1,Monster,2.5,High,6.0,0,1,0,0,0,1,2,1.0,1.0,1.0,1.0,0.0,0.0,0.0034999999999999996,1,0.0,5.0,10.0,3,2,1,1.0,4.0,1.0
4,2,Red Bull,4.5,Light,3.0,1,0,0,1,0,0,0,1.0,1.0,1.0,1.0,0.0,0.0,0.0034999999999999996,1,0.0,5.0,10.0,3,2,1,1.0,4.0,1.0
4,3,Monster,4.5,Medium,5.0,0,1,0,1,1,0,1,1.0,1.0,1.0,1.0,0.0,0.0,0.0034999999999999996,1,0.0,5.0,10.0,3,2,1,1.0,4.0,1.0
4,4,Celsius,2.5,Light,5.0,0,0,0,0,0,0,0,1.0,1.0,1.0,1.0,0.0,0.0,0.0034999999999999996,1,0.0,5.0,10.0,3,2,1,1.0,4.0,1.0
4,5,Red Bull,3.5,Medium,6.0,1,0,1,0,1,0,1,1.0,1.0,1.0,1.0,0.0,0.0,0.0034999999999999996,1,0.0,5.0,10.0,3,2,1,1.0,4.0,1.0
4,6,Celsius,2.5,Medium,7.0,0,0,0,0,1,0,1,1.0,1.0,1.0,1.0,0.0,0.0,0.0034999999999999996,1,0.0,5.0,10.0,3,2,1,1.0,4.0,1.0
4,7,Red Bull,4.5,High,6.0,1,0,0,1,0,1,2,1.0,1.0,1.0,1.0,0.0,0.0,0.0034999999999999996,1,0.0,5.0,10.0,3,2,1,1.0,4.0,1.0
4,8,Monster,3.5,High,6.0,0,1,1,0,0,1,2,1.0,1.0,1.0,1.0,0.0,0.0,0.0034999999999999996,1,0.0,5.0,10.0,3,2,1,1.0,4.0,1.0
4,9,Celsius,4.5,High,6.0,0,0,0,1,0,1,2,1.0,1.0,1.0,1.0,0.0,0.0,0.0034999999999999996,1,0.0,5.0,10.0,3,2,1,1.0,4.0,1.0
4,10,Red Bull,2.5,High,7.0,1,0,0,0,0,1,2,1.0,1.0,1.0,1.0,0.0,0.0,0.0034999999999999996,1,0.0,5.0,10.0,3,2,1,1.0,4.0,1.0
4,11,Monster,3.5,Light,6.0,0,1,1,0,0,0,0,1.0,1.0,1.0,1.0,0.0,0.0,0.0034999999999999996,1,0.0,5.0,10.0,3,2,1,1.0,4.0,1.0
5,0,Celsius,3.5,High,6.0,0,0,1,0,0,1,2,1.0,1.0,4.0,2.0,0.0,0.0,0.001,1,3.0,3.0,50.0,2,3,1,4.0,4.0,2.0
5,1,Monster,2.5,High,4.0,0,1,0,0,0,1,2,1.0,1.0,4.0,2.0,0.0,0.0,0.001,1,3.0,3.0,50.0,2,3,1,4.0,4.0,2.0
5,2,Red Bull,4.5,Light,2.0,1,0,0,1,0,0,0,1.0,1.0,4.0,2.0,0.0,0.0,0.001,1,3.0,3.0,50.0,2,3,1,4.0,4.0,2.0
5,3,Monster,4.5,Medium,2.0,0,1,0,1,1,0,1,1.0,1.0,4.0,2.0,0.0,0.0,0.001,1,3.0,3.0,50.0,2,3,1,4.0,4.0,2.0
5,4,Celsius,2.5,Light,7.0,0,0,0,0,0,0,0,1.0,1.0,4.0,2.0,0.0,0.0,0.001,1,3.0,3.0,50.0,2,3,1,4.0,4.0,2.0
5,5,Red Bull,3.5,Medium,2.0,1,0,1,0,1,0,1,1.0,1.0,4.0,2.0,0.0,0.0,0.001,1,3.0,3.0,50.0,2,3,1,4.0,4.0,2.0
5,6,Celsius,2.5,Medium,7.0,0,0,0,0,1,0,1,1.0,1.0,4.0,2.0,0.0,0.0,0.001,1,3.0,3.0,50.0,2,3,1,4.0,4.0,2.0
5,7,Red Bull,4.5,High,2.0,1,0,0,1,0,1,2,1.0,1.0,4.0,2.0,0.0,0.0,0.001,1,3.0,3.0,50.0,2,3,1,4.0,4.0,2.0
5,8,Monster,3.5,High,2.0,0,1,1,0,0,1,2,1.0,1.0,4.0,2.0,0.0,0.0,0.001,1,3.0,3.0,50.0,2,3,1,4.0,4.0,2.0
5,9,Celsius,4.5,High,3.0,0,0,0,1,0,1,2,1.0,1.0,4.0,2.0,0.0,0.0,0.001,1,3.0,3.0,50.0,2,3,1,4.0,4.0,2.0
5,10,Red Bull,2.5,High,2.0,1,0,0,0,0,1,2,1.0,1.0,4.0,2.0,0.0,0.0,0.001,1,3.0,3.0,50.0,2,3,1,4.0,4.0,2.0
5,11,Monster,3.5,Light,3.0,0,1,1,0,0,0,0,1.0,1.0,4.0,2.0,0.0,0.0,0.001,1,3.0,3.0,50.0,2,3,1,4.0,4.0,2.0
6,0,Celsius,3.5,High,5.0,0,0,1,0,0,1,2,7.0,7.0,7.0,7.0,14.0,1.0,0.5,1,21.0,5.0,50.0,2,1,3,5.0,3.0,7.0
6,1,Monster,2.5,High,7.0,0,1,0,0,0,1,2,7.0,7.0,7.0,7.0,14.0,1.0,0.5,1,21.0,5.0,50.0,2,1,3,5.0,3.0,7.0
6,2,Red Bull,4.5,Light,7.0,1,0,0,1,0,0,0,7.0,7.0,7.0,7.0,14.0,1.0,0.5,1,21.0,5.0,50.0,2,1,3,5.0,3.0,7.0
6,3,Monster,4.5,Medium,7.0,0,1,0,1,1,0,1,7.0,7.0,7.0,7.0,14.0,1.0,0.5,1,21.0,5.0,50.0,2,1,3,5.0,3.0,7.0
6,4,Celsius,2.5,Light,3.0,0,0,0,0,0,0,0,7.0,7.0,7.0,7.0,14.0,1.0,0.5,1,21.0,5.0,50.0,2,1,3,5.0,3.0,7.0
6,5,Red Bull,3.5,Medium,5.0,1,0,1,0,1,0,1,7.0,7.0,7.0,7.0,14.0,1.0,0.5,1,21.0,5.0,50.0,2,1,3,5.0,3.0,7.0
6,6,Celsius,2.5,Medium,5.0,0,0,0,0,1,0,1,7.0,7.0,7.0,7.0,14.0,1.0,0.5,1,21.0,5.0,50.0,2,1,3,5.0,3.0,7.0
6,7,Red Bull,4.5,High,5.0,1,0,0,1,0,1,2,7.0,7.0,7.0,7.0,14.0,1.0,0.5,1,21.0,5.0,50.0,2,1,3,5.0,3.0,7.0
6,8,Monster,3.5,High,6.0,0,1,1,0,0,1,2,7.0,7.0,7.0,7.0,14.0,1.0,0.5,1,21.0,5.0,50.0,2,1,3,5.0,3.0,7.0
6,9,Celsius,4.5,High,3.0,0,0,0,1,0,1,2,7.0,7.0,7.0,7.0,14.0,1.0,0.5,1,21.0,5.0,50.0,2,1,3,5.0,3.0,7.0
6,10,Red Bull,2.5,High,6.0,1,0,0,0,0,1,2,7.0,7.0,7.0,7.0,14.0,1.0,0.5,1,21.0,5.0,50.0,2,1,3,5.0,3.0,7.0
6,11,Monster,3.5,Light,6.0,0,1,1,0,0,0,0,7.0,7.0,7.0,7.0,14.0,1.0,0.5,1,21.0,5.0,50.0,2,1,3,5.0,3.0,7.0
7,0,Celsius,3.5,High,6.0,0,0,1,0,0,1,2,1.0,1.0,3.0,2.0,0.0,0.0,0.006,1,0.0,2.0,50.0,2,1,3,4.0,3.0,1.75
7,1,Monster,2.5,High,2.0,0,1,0,0,0,1,2,1.0,1.0,3.0,2.0,0.0,0.0,0.006,1,0.0,2.0,50.0,2,1,3,4.0,3.0,1.75
7,2,Red Bull,4.5,Light,3.0,1,0,0,1,0,0,0,1.0,1.0,3.0,2.0,0.0,0.0,0.006,1,0.0,2.0,50.0,2,1,3,4.0,3.0,1.75
7,3,Monster,4.5,Medium,2.0,0,1,0,1,1,0,1,1.0,1.0,3.0,2.0,0.0,0.0,0.006,1,0.0,2.0,50.0,2,1,3,4.0,3.0,1.75
7,4,Celsius,2.5,Light,4.0,0,0,0,0,0,0,0,1.0,1.0,3.0,2.0,0.0,0.0,0.006,1,0.0,2.0,50.0,2,1,3,4.0,3.0,1.75
7,5,Red Bull,3.5,Medium,4.0,1,0,1,0,1,0,1,1.0,1.0,3.0,2.0,0.0,0.0,0.006,1,0.0,2.0,50.0,2,1,3,4.0,3.0,1.75
7,6,Celsius,2.5,Medium,4.0,0,0,0,0,1,0,1,1.0,1.0,3.0,2.0,0.0,0.0,0.006,1,0.0,2.0,50.0,2,1,3,4.0,3.0,1.75
7,7,Red Bull,4.5,High,3.0,1,0,0,1,0,1,2,1.0,1.0,3.0,2.0,0.0,0.0,0.006,1,0.0,2.0,50.0,2,1,3,4.0,3.0,1.75
7,8,Monster,3.5,High,1.0,0,1,1,0,0,1,2,1.0,1.0,3.0,2.0,0.0,0.0,0.006,1,0.0,2.0,50.0,2,1,3,4.0,3.0,1.75
7,9,Celsius,4.5,High,5.0,0,0,0,1,0,1,2,1.0,1.0,3.0,2.0,0.0,0.0,0.006,1,0.0,2.0,50.0,2,1,3,4.0,3.0,1.75
7,10,Red Bull,2.5,High,4.0,1,0,0,0,0,1,2,1.0,1.0,3.0,2.0,0.0,0.0,0.006,1,0.0,2.0,50.0,2,1,3,4.0,3.0,1.75
7,11,Monster,3.5,Light,2.0,0,1,1,0,0,0,0,1.0,1.0,3.0,2.0,0.0,0.0,0.006,1,0.0,2.0,50.0,2,1,3,4.0,3.0,1.75
8,0,Celsius,3.5,High,7.0,0,0,1,0,0,1,2,1.0,1.0,6.0,6.0,1.0,0.0,0.004,1,1.0,3.0,60.0,2,3,1,5.0,4.0,3.5
8,1,Monster,2.5,High,1.0,0,1,0,0,0,1,2,1.0,1.0,6.0,6.0,1.0,0.0,0.004,1,1.0,3.0,60.0,2,3,1,5.0,4.0,3.5
8,2,Red Bull,4.5,Light,6.0,1,0,0,1,0,0,0,1.0,1.0,6.0,6.0,1.0,0.0,0.004,1,1.0,3.0,60.0,2,3,1,5.0,4.0,3.5
8,3,Monster,4.5,Medium,1.0,0,1,0,1,1,0,1,1.0,1.0,6.0,6.0,1.0,0.0,0.004,1,1.0,3.0,60.0,2,3,1,5.0,4.0,3.5
8,4,Celsius,2.5,Light,7.0,0,0,0,0,0,0,0,1.0,1.0,6.0,6.0,1.0,0.0,0.004,1,1.0,3.0,60.0,2,3,1,5.0,4.0,3.5
8,5,Red Bull,3.5,Medium,6.0,1,0,1,0,1,0,1,1.0,1.0,6.0,6.0,1.0,0.0,0.004,1,1.0,3.0,60.0,2,3,1,5.0,4.0,3.5
8,6,Celsius,2.5,Medium,7.0,0,0,0,0,1,0,1,1.0,1.0,6.0,6.0,1.0,0.0,0.004,1,1.0,3.0,60.0,2,3,1,5.0,4.0,3.5
8,7,Red Bull,4.5,High,6.0,1,0,0,1,0,1,2,1.0,1.0,6.0,6.0,1.0,0.0,0.004,1,1.0,3.0,60.0,2,3,1,5.0,4.0,3.5
8,8,Monster,3.5,High,1.0,0,1,1,0,0,1,2,1.0,1.0,6.0,6.0,1.0,0.0,0.004,1,1.0,3.0,60.0,2,3,1,5.0,4.0,3.5
8,9,Celsius,4.5,High,7.0,0,0,0,1,0,1,2,1.0,1.0,6.0,6.0,1.0,0.0,0.004,1,1.0,3.0,60.0,2,3,1,5.0,4.0,3.5
8,10,Red Bull,2.5,High,7.0,1,0,0,0,0,1,2,1.0,1.0,6.0,6.0,1.0,0.0,0.004,1,1.0,3.0,60.0,2,3,1,5.0,4.0,3.5
8,11,Monster,3.5,Light,1.0,0,1,1,0,0,0,0,1.0,1.0,6.0,6.0,1.0,0.0,0.004,1,1.0,3.0,60.0,2,3,1,5.0,4.0,3.5
9,0,Celsius,3.5,High,5.0,0,0,1,0,0,1,2,2.0,3.0,6.0,7.0,0.0,0.0,0.5,1,0.0,4.0,100.0,2,3,1,5.0,3.0,4.5
9,1,Monster,2.5,High,6.0,0,1,0,0,0,1,2,2.0,3.0,6.0,7.0,0.0,0.0,0.5,1,0.0,4.0,100.0,2,3,1,5.0,3.0,4.5
9,2,Red Bull,4.5,Light,3.0,1,0,0,1,0,0,0,2.0,3.0,6.0,7.0,0.0,0.0,0.5,1,0.0,4.0,100.0,2,3,1,5.0,3.0,4.5
9,3,Monster,4.5,Medium,2.0,0,1,0,1,1,0,1,2.0,3.0,6.0,7.0,0.0,0.0,0.5,1,0.0,4.0,100.0,2,3,1,5.0,3.0,4.5
9,4,Celsius,2.5,Light,6.0,0,0,0,0,0,0,0,2.0,3.0,6.0,7.0,0.0,0.0,0.5,1,0.0,4.0,100.0,2,3,1,5.0,3.0,4.5
9,5,Red Bull,3.5,Medium,5.0,1,0,1,0,1,0,1,2.0,3.0,6.0,7.0,0.0,0.0,0.5,1,0.0,4.0,100.0,2,3,1,5.0,3.0,4.5
9,6,Celsius,2.5,Medium,6.0,0,0,0,0,1,0,1,2.0,3.0,6.0,7.0,0.0,0.0,0.5,1,0.0,4.0,100.0,2,3,1,5.0,3.0,4.5
9,7,Red Bull,4.5,High,5.0,1,0,0,1,0,1,2,2.0,3.0,6.0,7.0,0.0,0.0,0.5,1,0.0,4.0,100.0,2,3,1,5.0,3.0,4.5
9,8,Monster,3.5,High,4.0,0,1,1,0,0,1,2,2.0,3.0,6.0,7.0,0.0,0.0,0.5,1,0.0,4.0,100.0,2,3,1,5.0,3.0,4.5
9,9,Celsius,4.5,High,4.0,0,0,0,1,0,1,2,2.0,3.0,6.0,7.0,0.0,0.0,0.5,1,0.0,4.0,100.0,2,3,1,5.0,3.0,4.5
9,10,Red Bull,2.5,High,7.0,1,0,0,0,0,1,2,2.0,3.0,6.0,7.0,0.0,0.0,0.5,1,0.0,4.0,100.0,2,3,1,5.0,3.0,4.5
9,11,Monster,3.5,Light,4.0,0,1,1,0,0,0,0,2.0,3.0,6.0,7.0,0.0,0.0,0.5,1,0.0,4.0,100.0,2,3,1,5.0,3.0,4.5
10,0,Celsius,3.5,High,4.0,0,0,1,0,0,1,2,1.0,1.0,2.0,4.0,0.0,0.0,0.005,0,0.0,5.0,60.0,1,2,3,5.0,3.0,2.0
10,1,Monster,2.5,High,6.0,0,1,0,0,0,1,2,1.0,1.0,2.0,4.0,0.0,0.0,0.005,0,0.0,5.0,60.0,1,2,3,5.0,3.0,2.0
10,2,Red Bull,4.5,Light,2.0,1,0,0,1,0,0,0,1.0,1.0,2.0,4.0,0.0,0.0,0.005,0,0.0,5.0,60.0,1,2,3,5.0,3.0,2.0
10,3,Monster,4.5,Medium,2.0,0,1,0,1,1,0,1,1.0,1.0,2.0,4.0,0.0,0.0,0.005,0,0.0,5.0,60.0,1,2,3,5.0,3.0,2.0
10,4,Celsius,2.5,Light,6.0,0,0,0,0,0,0,0,1.0,1.0,2.0,4.0,0.0,0.0,0.005,0,0.0,5.0,60.0,1,2,3,5.0,3.0,2.0
10,5,Red Bull,3.5,Medium,4.0,1,0,1,0,1,0,1,1.0,1.0,2.0,4.0,0.0,0.0,0.005,0,0.0,5.0,60.0,1,2,3,5.0,3.0,2.0
10,6,Celsius,2.5,Medium,6.0,0,0,0,0,1,0,1,1.0,1.0,2.0,4.0,0.0,0.0,0.005,0,0.0,5.0,60.0,1,2,3,5.0,3.0,2.0
10,7,Red Bull,4.5,High,2.0,1,0,0,1,0,1,2,1.0,1.0,2.0,4.0,0.0,0.0,0.005,0,0.0,5.0,60.0,1,2,3,5.0,3.0,2.0
10,8,Monster,3.5,High,4.0,0,1,1,0,0,1,2,1.0,1.0,2.0,4.0,0.0,0.0,0.005,0,0.0,5.0,60.0,1,2,3,5.0,3.0,2.0
10,9,Celsius,4.5,High,2.0,0,0,0,1,0,1,2,1.0,1.0,2.0,4.0,0.0,0.0,0.005,0,0.0,5.0,60.0,1,2,3,5.0,3.0,2.0
10,10,Red Bull,2.5,High,6.0,1,0,0,0,0,1,2,1.0,1.0,2.0,4.0,0.0,0.0,0.005,0,0.0,5.0,60.0,1,2,3,5.0,3.0,2.0
10,11,Monster,3.5,Light,4.0,0,1,1,0,0,0,0,1.0,1.0,2.0,4.0,0.0,0.0,0.005,0,0.0,5.0,60.0,1,2,3,5.0,3.0,2.0
11,0,Celsius,3.5,High,7.0,0,0,1,0,0,1,2,1.0,1.0,2.0,1.0,0.0,0.0,0.001,1,1.0,3.0,10.0,3,2,1,3.0,5.0,1.25
11,1,Monster,2.5,High,7.0,0,1,0,0,0,1,2,1.0,1.0,2.0,1.0,0.0,0.0,0.001,1,1.0,3.0,10.0,3,2,1,3.0,5.0,1.25
11,2,Red Bull,4.5,Light,4.0,1,0,0,1,0,0,0,1.0,1.0,2.0,1.0,0.0,0.0,0.001,1,1.0,3.0,10.0,3,2,1,3.0,5.0,1.25
11,3,Monster,4.5,Medium,4.0,0,1,0,1,1,0,1,1.0,1.0,2.0,1.0,0.0,0.0,0.001,1,1.0,3.0,10.0,3,2,1,3.0,5.0,1.25
11,4,Celsius,2.5,Light,7.0,0,0,0,0,0,0,0,1.0,1.0,2.0,1.0,0.0,0.0,0.001,1,1.0,3.0,10.0,3,2,1,3.0,5.0,1.25
11,5,Red Bull,3.5,Medium,4.0,1,0,1,0,1,0,1,1.0,1.0,2.0,1.0,0.0,0.0,0.001,1,1.0,3.0,10.0,3,2,1,3.0,5.0,1.25
11,6,Celsius,2.5,Medium,7.0,0,0,0,0,1,0,1,1.0,1.0,2.0,1.0,0.0,0.0,0.001,1,1.0,3.0,10.0,3,2,1,3.0,5.0,1.25
11,7,Red Bull,4.5,High,4.0,1,0,0,1,0,1,2,1.0,1.0,2.0,1.0,0.0,0.0,0.001,1,1.0,3.0,10.0,3,2,1,3.0,5.0,1.25
11,8,Monster,3.5,High,4.0,0,1,1,0,0,1,2,1.0,1.0,2.0,1.0,0.0,0.0,0.001,1,1.0,3.0,10.0,3,2,1,3.0,5.0,1.25
11,9,Celsius,4.5,High,5.0,0,0,0,1,0,1,2,1.0,1.0,2.0,1.0,0.0,0.0,0.001,1,1.0,3.0,10.0,3,2,1,3.0,5.0,1.25
11,10,Red Bull,2.5,High,4.0,1,0,0,0,0,1,2,1.0,1.0,2.0,1.0,0.0,0.0,0.001,1,1.0,3.0,10.0,3,2,1,3.0,5.0,1.25
11,11,Monster,3.5,Light,4.0,0,1,1,0,0,0,0,1.0,1.0,2.0,1.0,0.0,0.0,0.001,1,1.0,3.0,10.0,3,2,1,3.0,5.0,1.25
12,0,Celsius,3.5,High,5.0,0,0,1,0,0,1,2,5.0,4.0,6.0,6.0,2.0,0.0,0.006,1,3.0,4.0,120.0,1,3,2,5.0,3.0,5.25
12,1,Monster,2.5,High,6.0,0,1,0,0,0,1,2,5.0,4.0,6.0,6.0,2.0,0.0,0.006,1,3.0,4.0,120.0,1,3,2,5.0,3.0,5.25
12,2,Red Bull,4.5,Light,4.0,1,0,0,1,0,0,0,5.0,4.0,6.0,6.0,2.0,0.0,0.006,1,3.0,4.0,120.0,1,3,2,5.0,3.0,5.25
12,3,Monster,4.5,Medium,5.0,0,1,0,1,1,0,1,5.0,4.0,6.0,6.0,2.0,0.0,0.006,1,3.0,4.0,120.0,1,3,2,5.0,3.0,5.25
12,4,Celsius,2.5,Light,5.0,0,0,0,0,0,0,0,5.0,4.0,6.0,6.0,2.0,0.0,0.006,1,3.0,4.0,120.0,1,3,2,5.0,3.0,5.25
12,5,Red Bull,3.5,Medium,6.0,1,0,1,0,1,0,1,5.0,4.0,6.0,6.0,2.0,0.0,0.006,1,3.0,4.0,120.0,1,3,2,5.0,3.0,5.25
12,6,Celsius,2.5,Medium,6.0,0,0,0,0,1,0,1,5.0,4.0,6.0,6.0,2.0,0.0,0.006,1,3.0,4.0,120.0,1,3,2,5.0,3.0,5.25
12,7,Red Bull,4.5,High,6.0,1,0,0,1,0,1,2,5.0,4.0,6.0,6.0,2.0,0.0,0.006,1,3.0,4.0,120.0,1,3,2,5.0,3.0,5.25
12,8,Monster,3.5,High,6.0,0,1,1,0,0,1,2,5.0,4.0,6.0,6.0,2.0,0.0,0.006,1,3.0,4.0,120.0,1,3,2,5.0,3.0,5.25
12,9,Celsius,4.5,High,5.0,0,0,0,1,0,1,2,5.0,4.0,6.0,6.0,2.0,0.0,0.006,1,3.0,4.0,120.0,1,3,2,5.0,3.0,5.25
12,10,Red Bull,2.5,High,7.0,1,0,0,0,0,1,2,5.0,4.0,6.0,6.0,2.0,0.0,0.006,1,3.0,4.0,120.0,1,3,2,5.0,3.0,5.25
12,11,Monster,3.5,Light,4.0,0,1,1,0,0,0,0,5.0,4.0,6.0,6.0,2.0,0.0,0.006,1,3.0,4.0,120.0,1,3,2,5.0,3.0,5.25
13,0,Celsius,3.5,High,6.0,0,0,1,0,0,1,2,2.0,2.0,4.0,4.0,1.0,-1.0,0.004,1,2.0,5.0,90.0,2,3,1,4.0,2.0,3.0
13,1,Monster,2.5,High,6.0,0,1,0,0,0,1,2,2.0,2.0,4.0,4.0,1.0,-1.0,0.004,1,2.0,5.0,90.0,2,3,1,4.0,2.0,3.0
13,2,Red Bull,4.5,Light,3.0,1,0,0,1,0,0,0,2.0,2.0,4.0,4.0,1.0,-1.0,0.004,1,2.0,5.0,90.0,2,3,1,4.0,2.0,3.0
13,3,Monster,4.5,Medium,5.0,0,1,0,1,1,0,1,2.0,2.0,4.0,4.0,1.0,-1.0,0.004,1,2.0,5.0,90.0,2,3,1,4.0,2.0,3.0
13,4,Celsius,2.5,Light,5.0,0,0,0,0,0,0,0,2.0,2.0,4.0,4.0,1.0,-1.0,0.004,1,2.0,5.0,90.0,2,3,1,4.0,2.0,3.0
13,5,Red Bull,3.5,Medium,5.0,1,0,1,0,1,0,1,2.0,2.0,4.0,4.0,1.0,-1.0,0.004,1,2.0,5.0,90.0,2,3,1,4.0,2.0,3.0
13,6,Celsius,2.5,Medium,6.0,0,0,0,0,1,0,1,2.0,2.0,4.0,4.0,1.0,-1.0,0.004,1,2.0,5.0,90.0,2,3,1,4.0,2.0,3.0
13,7,Red Bull,4.5,High,6.0,1,0,0,1,0,1,2,2.0,2.0,4.0,4.0,1.0,-1.0,0.004,1,2.0,5.0,90.0,2,3,1,4.0,2.0,3.0
13,8,Monster,3.5,High,6.0,0,1,1,0,0,1,2,2.0,2.0,4.0,4.0,1.0,-1.0,0.004,1,2.0,5.0,90.0,2,3,1,4.0,2.0,3.0
13,9,Celsius,4.5,High,4.0,0,0,0,1,0,1,2,2.0,2.0,4.0,4.0,1.0,-1.0,0.004,1,2.0,5.0,90.0,2,3,1,4.0,2.0,3.0
13,10,Red Bull,2.5,High,7.0,1,0,0,0,0,1,2,2.0,2.0,4.0,4.0,1.0,-1.0,0.004,1,2.0,5.0,90.0,2,3,1,4.0,2.0,3.0
13,11,Monster,3.5,Light,3.0,0,1,1,0,0,0,0,2.0,2.0,4.0,4.0,1.0,-1.0,0.004,1,2.0,5.0,90.0,2,3,1,4.0,2.0,3.0
14,0,Celsius,3.5,High,6.0,0,0,1,0,0,1,2,1.0,1.0,3.0,2.0,0.0,0.0,0.001,1,1.0,5.0,80.0,3,2,1,3.0,2.0,1.75
14,1,Monster,2.5,High,7.0,0,1,0,0,0,1,2,1.0,1.0,3.0,2.0,0.0,0.0,0.001,1,1.0,5.0,80.0,3,2,1,3.0,2.0,1.75
14,2,Red Bull,4.5,Light,4.0,1,0,0,1,0,0,0,1.0,1.0,3.0,2.0,0.0,0.0,0.001,1,1.0,5.0,80.0,3,2,1,3.0,2.0,1.75
14,3,Monster,4.5,Medium,6.0,0,1,0,1,1,0,1,1.0,1.0,3.0,2.0,0.0,0.0,0.001,1,1.0,5.0,80.0,3,2,1,3.0,2.0,1.75
14,4,Celsius,2.5,Light,6.0,0,0,0,0,0,0,0,1.0,1.0,3.0,2.0,0.0,0.0,0.001,1,1.0,5.0,80.0,3,2,1,3.0,2.0,1.75
14,5,Red Bull,3.5,Medium,6.0,1,0,1,0,1,0,1,1.0,1.0,3.0,2.0,0.0,0.0,0.001,1,1.0,5.0,80.0,3,2,1,3.0,2.0,1.75
14,6,Celsius,2.5,Medium,7.0,0,0,0,0,1,0,1,1.0,1.0,3.0,2.0,0.0,0.0,0.001,1,1.0,5.0,80.0,3,2,1,3.0,2.0,1.75
14,7,Red Bull,4.5,High,7.0,1,0,0,1,0,1,2,1.0,1.0,3.0,2.0,0.0,0.0,0.001,1,1.0,5.0,80.0,3,2,1,3.0,2.0,1.75
14,8,Monster,3.5,High,7.0,0,1,1,0,0,1,2,1.0,1.0,3.0,2.0,0.0,0.0,0.001,1,1.0,5.0,80.0,3,2,1,3.0,2.0,1.75
14,9,Celsius,4.5,High,6.0,0,0,0,1,0,1,2,1.0,1.0,3.0,2.0,0.0,0.0,0.001,1,1.0,5.0,80.0,3,2,1,3.0,2.0,1.75
14,10,Red Bull,2.5,High,7.0,1,0,0,0,0,1,2,1.0,1.0,3.0,2.0,0.0,0.0,0.001,1,1.0,5.0,80.0,3,2,1,3.0,2.0,1.75
14,11,Monster,3.5,Light,4.0,0,1,1,0,0,0,0,1.0,1.0,3.0,2.0,0.0,0.0,0.001,1,1.0,5.0,80.0,3,2,1,3.0,2.0,1.75
15,0,Celsius,3.5,High,6.0,0,0,1,0,0,1,2,1.0,1.0,6.0,3.0,2.0,0.0,0.004,1,4.0,3.0,60.0,2,3,1,4.0,4.0,2.75
15,1,Monster,2.5,High,5.0,0,1,0,0,0,1,2,1.0,1.0,6.0,3.0,2.0,0.0,0.004,1,4.0,3.0,60.0,2,3,1,4.0,4.0,2.75
15,2,Red Bull,4.5,Light,2.0,1,0,0,1,0,0,0,1.0,1.0,6.0,3.0,2.0,0.0,0.004,1,4.0,3.0,60.0,2,3,1,4.0,4.0,2.75
15,3,Monster,4.5,Medium,1.0,0,1,0,1,1,0,1,1.0,1.0,6.0,3.0,2.0,0.0,0.004,1,4.0,3.0,60.0,2,3,1,4.0,4.0,2.75
15,4,Celsius,2.5,Light,7.0,0,0,0,0,0,0,0,1.0,1.0,6.0,3.0,2.0,0.0,0.004,1,4.0,3.0,60.0,2,3,1,4.0,4.0,2.75
15,5,Red Bull,3.5,Medium,5.0,1,0,1,0,1,0,1,1.0,1.0,6.0,3.0,2.0,0.0,0.004,1,4.0,3.0,60.0,2,3,1,4.0,4.0,2.75
15,6,Celsius,2.5,Medium,7.0,0,0,0,0,1,0,1,1.0,1.0,6.0,3.0,2.0,0.0,0.004,1,4.0,3.0,60.0,2,3,1,4.0,4.0,2.75
15,7,Red Bull,4.5,High,2.0,1,0,0,1,0,1,2,1.0,1.0,6.0,3.0,2.0,0.0,0.004,1,4.0,3.0,60.0,2,3,1,4.0,4.0,2.75
15,8,Monster,3.5,High,4.0,0,1,1,0,0,1,2,1.0,1.0,6.0,3.0,2.0,0.0,0.004,1,4.0,3.0,60.0,2,3,1,4.0,4.0,2.75
15,9,Celsius,4.5,High,4.0,0,0,0,1,0,1,2,1.0,1.0,6.0,3.0,2.0,0.0,0.004,1,4.0,3.0,60.0,2,3,1,4.0,4.0,2.75
15,10,Red Bull,2.5,High,6.0,1,0,0,0,0,1,2,1.0,1.0,6.0,3.0,2.0,0.0,0.004,1,4.0,3.0,60.0,2,3,1,4.0,4.0,2.75
15,11,Monster,3.5,Light,3.0,0,1,1,0,0,0,0,1.0,1.0,6.0,3.0,2.0,0.0,0.004,1,4.0,3.0,60.0,2,3,1,4.0,4.0,2.75
16,0,Celsius,3.5,High,6.0,0,0,1,0,0,1,2,2.0,1.0,6.0,4.0,1.0,0.0,0.001,1,5.0,4.0,130.0,2,3,1,4.0,3.0,3.25
16,1,Monster,2.5,High,4.0,0,1,0,0,0,1,2,2.0,1.0,6.0,4.0,1.0,0.0,0.001,1,5.0,4.0,130.0,2,3,1,4.0,3.0,3.25
16,2,Red Bull,4.5,Light,4.0,1,0,0,1,0,0,0,2.0,1.0,6.0,4.0,1.0,0.0,0.001,1,5.0,4.0,130.0,2,3,1,4.0,3.0,3.25
16,3,Monster,4.5,Medium,3.0,0,1,0,1,1,0,1,2.0,1.0,6.0,4.0,1.0,0.0,0.001,1,5.0,4.0,130.0,2,3,1,4.0,3.0,3.25
16,4,Celsius,2.5,Light,6.0,0,0,0,0,0,0,0,2.0,1.0,6.0,4.0,1.0,0.0,0.001,1,5.0,4.0,130.0,2,3,1,4.0,3.0,3.25
16,5,Red Bull,3.5,Medium,5.0,1,0,1,0,1,0,1,2.0,1.0,6.0,4.0,1.0,0.0,0.001,1,5.0,4.0,130.0,2,3,1,4.0,3.0,3.25
16,6,Celsius,2.5,Medium,7.0,0,0,0,0,1,0,1,2.0,1.0,6.0,4.0,1.0,0.0,0.001,1,5.0,4.0,130.0,2,3,1,4.0,3.0,3.25
16,7,Red Bull,4.5,High,3.0,1,0,0,1,0,1,2,2.0,1.0,6.0,4.0,1.0,0.0,0.001,1,5.0,4.0,130.0,2,3,1,4.0,3.0,3.25
16,8,Monster,3.5,High,5.0,0,1,1,0,0,1,2,2.0,1.0,6.0,4.0,1.0,0.0,0.001,1,5.0,4.0,130.0,2,3,1,4.0,3.0,3.25
16,9,Celsius,4.5,High,4.0,0,0,0,1,0,1,2,2.0,1.0,6.0,4.0,1.0,0.0,0.001,1,5.0,4.0,130.0,2,3,1,4.0,3.0,3.25
16,10,Red Bull,2.5,High,6.0,1,0,0,0,0,1,2,2.0,1.0,6.0,4.0,1.0,0.0,0.001,1,5.0,4.0,130.0,2,3,1,4.0,3.0,3.25
16,11,Monster,3.5,Light,4.0,0,1,1,0,0,0,0,2.0,1.0,6.0,4.0,1.0,0.0,0.001,1,5.0,4.0,130.0,2,3,1,4.0,3.0,3.25
17,0,Celsius,3.5,High,5.0,0,0,1,0,0,1,2,2.0,1.0,7.0,5.0,3.0,0.0,0.004,1,5.0,5.0,95.0,3,1,2,3.0,3.0,3.75
17,1,Monster,2.5,High,7.0,0,1,0,0,0,1,2,2.0,1.0,7.0,5.0,3.0,0.0,0.004,1,5.0,5.0,95.0,3,1,2,3.0,3.0,3.75
17,2,Red Bull,4.5,Light,3.0,1,0,0,1,0,0,0,2.0,1.0,7.0,5.0,3.0,0.0,0.004,1,5.0,5.0,95.0,3,1,2,3.0,3.0,3.75
17,3,Monster,4.5,Medium,4.0,0,1,0,1,1,0,1,2.0,1.0,7.0,5.0,3.0,0.0,0.004,1,5.0,5.0,95.0,3,1,2,3.0,3.0,3.75
17,4,Celsius,2.5,Light,4.0,0,0,0,0,0,0,0,2.0,1.0,7.0,5.0,3.0,0.0,0.004,1,5.0,5.0,95.0,3,1,2,3.0,3.0,3.75
17,5,Red Bull,3.5,Medium,5.0,1,0,1,0,1,0,1,2.0,1.0,7.0,5.0,3.0,0.0,0.004,1,5.0,5.0,95.0,3,1,2,3.0,3.0,3.75
17,6,Celsius,2.5,Medium,6.0,0,0,0,0,1,0,1,2.0,1.0,7.0,5.0,3.0,0.0,0.004,1,5.0,5.0,95.0,3,1,2,3.0,3.0,3.75
17,7,Red Bull,4.5,High,3.0,1,0,0,1,0,1,2,2.0,1.0,7.0,5.0,3.0,0.0,0.004,1,5.0,5.0,95.0,3,1,2,3.0,3.0,3.75
17,8,Monster,3.5,High,6.0,0,1,1,0,0,1,2,2.0,1.0,7.0,5.0,3.0,0.0,0.004,1,5.0,5.0,95.0,3,1,2,3.0,3.0,3.75
17,9,Celsius,4.5,High,3.0,0,0,0,1,0,1,2,2.0,1.0,7.0,5.0,3.0,0.0,0.004,1,5.0,5.0,95.0,3,1,2,3.0,3.0,3.75
17,10,Red Bull,2.5,High,6.0,1,0,0,0,0,1,2,2.0,1.0,7.0,5.0,3.0,0.0,0.004,1,5.0,5.0,95.0,3,1,2,3.0,3.0,3.75
17,11,Monster,3.5,Light,6.0,0,1,1,0,0,0,0,2.0,1.0,7.0,5.0,3.0,0.0,0.004,1,5.0,5.0,95.0,3,1,2,3.0,3.0,3.75
18,0,Celsius,3.5,High,6.0,0,0,1,0,0,1,2,1.0,1.0,5.0,3.0,0.0,0.0,0.0015,1,2.0,4.0,110.0,3,2,1,3.0,3.0,2.5
18,1,Monster,2.5,High,7.0,0,1,0,0,0,1,2,1.0,1.0,5.0,3.0,0.0,0.0,0.0015,1,2.0,4.0,110.0,3,2,1,3.0,3.0,2.5
18,2,Red Bull,4.5,Light,2.0,1,0,0,1,0,0,0,1.0,1.0,5.0,3.0,0.0,0.0,0.0015,1,2.0,4.0,110.0,3,2,1,3.0,3.0,2.5
18,3,Monster,4.5,Medium,2.0,0,1,0,1,1,0,1,1.0,1.0,5.0,3.0,0.0,0.0,0.0015,1,2.0,4.0,110.0,3,2,1,3.0,3.0,2.5
18,4,Celsius,2.5,Light,7.0,0,0,0,0,0,0,0,1.0,1.0,5.0,3.0,0.0,0.0,0.0015,1,2.0,4.0,110.0,3,2,1,3.0,3.0,2.5
18,5,Red Bull,3.5,Medium,5.0,1,0,1,0,1,0,1,1.0,1.0,5.0,3.0,0.0,0.0,0.0015,1,2.0,4.0,110.0,3,2,1,3.0,3.0,2.5
18,6,Celsius,2.5,Medium,7.0,0,0,0,0,1,0,1,1.0,1.0,5.0,3.0,0.0,0.0,0.0015,1,2.0,4.0,110.0,3,2,1,3.0,3.0,2.5
18,7,Red Bull,4.5,High,2.0,1,0,0,1,0,1,2,1.0,1.0,5.0,3.0,0.0,0.0,0.0015,1,2.0,4.0,110.0,3,2,1,3.0,3.0,2.5
18,8,Monster,3.5,High,5.0,0,1,1,0,0,1,2,1.0,1.0,5.0,3.0,0.0,0.0,0.0015,1,2.0,4.0,110.0,3,2,1,3.0,3.0,2.5
18,9,Celsius,4.5,High,3.0,0,0,0,1,0,1,2,1.0,1.0,5.0,3.0,0.0,0.0,0.0015,1,2.0,4.0,110.0,3,2,1,3.0,3.0,2.5
18,10,Red Bull,2.5,High,6.0,1,0,0,0,0,1,2,1.0,1.0,5.0,3.0,0.0,0.0,0.0015,1,2.0,4.0,110.0,3,2,1,3.0,3.0,2.5
18,11,Monster,3.5,Light,5.0,0,1,1,0,0,0,0,1.0,1.0,5.0,3.0,0.0,0.0,0.0015,1,2.0,4.0,110.0,3,2,1,3.0,3.0,2.5
19,0,Celsius,3.5,High,6.0,0,0,1,0,0,1,2,3.0,2.0,5.0,6.0,3.0,0.0,0.0045000000000000005,1,6.0,4.0,120.0,1,3,2,5.0,3.0,4.0
19,1,Monster,2.5,High,6.0,0,1,0,0,0,1,2,3.0,2.0,5.0,6.0,3.0,0.0,0.0045000000000000005,1,6.0,4.0,120.0,1,3,2,5.0,3.0,4.0
19,2,Red Bull,4.5,Light,3.0,1,0,0,1,0,0,0,3.0,2.0,5.0,6.0,3.0,0.0,0.0045000000000000005,1,6.0,4.0,120.0,1,3,2,5.0,3.0,4.0
19,3,Monster,4.5,Medium,1.0,0,1,0,1,1,0,1,3.0,2.0,5.0,6.0,3.0,0.0,0.0045000000000000005,1,6.0,4.0,120.0,1,3,2,5.0,3.0,4.0
19,4,Celsius,2.5,Light,6.0,0,0,0,0,0,0,0,3.0,2.0,5.0,6.0,3.0,0.0,0.0045000000000000005,1,6.0,4.0,120.0,1,3,2,5.0,3.0,4.0
19,5,Red Bull,3.5,Medium,6.0,1,0,1,0,1,0,1,3.0,2.0,5.0,6.0,3.0,0.0,0.0045000000000000005,1,6.0,4.0,120.0,1,3,2,5.0,3.0,4.0
19,6,Celsius,2.5,Medium,6.0,0,0,0,0,1,0,1,3.0,2.0,5.0,6.0,3.0,0.0,0.0045000000000000005,1,6.0,4.0,120.0,1,3,2,5.0,3.0,4.0
19,7,Red Bull,4.5,High,3.0,1,0,0,1,0,1,2,3.0,2.0,5.0,6.0,3.0,0.0,0.0045000000000000005,1,6.0,4.0,120.0,1,3,2,5.0,3.0,4.0
19,8,Monster,3.5,High,4.0,0,1,1,0,0,1,2,3.0,2.0,5.0,6.0,3.0,0.0,0.0045000000000000005,1,6.0,4.0,120.0,1,3,2,5.0,3.0,4.0
19,9,Celsius,4.5,High,4.0,0,0,0,1,0,1,2,3.0,2.0,5.0,6.0,3.0,0.0,0.0045000000000000005,1,6.0,4.0,120.0,1,3,2,5.0,3.0,4.0
19,10,Red Bull,2.5,High,7.0,1,0,0,0,0,1,2,3.0,2.0,5.0,6.0,3.0,0.0,0.0045000000000000005,1,6.0,4.0,120.0,1,3,2,5.0,3.0,4.0
19,11,Monster,3.5,Light,5.0,0,1,1,0,0,0,0,3.0,2.0,5.0,6.0,3.0,0.0,0.0045000000000000005,1,6.0,4.0,120.0,1,3,2,5.0,3.0,4.0
20,0,Celsius,3.5,High,4.0,0,0,1,0,0,1,2,3.0,5.0,1.0,1.0,12.0,1.0,0.0075,1,15.5,5.0,150.0,1,2,3,5.0,4.0,2.5
20,1,Monster,2.5,High,6.0,0,1,0,0,0,1,2,3.0,5.0,1.0,1.0,12.0,1.0,0.0075,1,15.5,5.0,150.0,1,2,3,5.0,4.0,2.5
20,2,Red Bull,4.5,Light,7.0,1,0,0,1,0,0,0,3.0,5.0,1.0,1.0,12.0,1.0,0.0075,1,15.5,5.0,150.0,1,2,3,5.0,4.0,2.5
20,3,Monster,4.5,Medium,2.0,0,1,0,1,1,0,1,3.0,5.0,1.0,1.0,12.0,1.0,0.0075,1,15.5,5.0,150.0,1,2,3,5.0,4.0,2.5
20,4,Celsius,2.5,Light,4.0,0,0,0,0,0,0,0,3.0,5.0,1.0,1.0,12.0,1.0,0.0075,1,15.5,5.0,150.0,1,2,3,5.0,4.0,2.5
20,5,Red Bull,3.5,Medium,7.0,1,0,1,0,1,0,1,3.0,5.0,1.0,1.0,12.0,1.0,0.0075,1,15.5,5.0,150.0,1,2,3,5.0,4.0,2.5
20,6,Celsius,2.5,Medium,4.0,0,0,0,0,1,0,1,3.0,5.0,1.0,1.0,12.0,1.0,0.0075,1,15.5,5.0,150.0,1,2,3,5.0,4.0,2.5
20,7,Red Bull,4.5,High,7.0,1,0,0,1,0,1,2,3.0,5.0,1.0,1.0,12.0,1.0,0.0075,1,15.5,5.0,150.0,1,2,3,5.0,4.0,2.5
20,8,Monster,3.5,High,4.0,0,1,1,0,0,1,2,3.0,5.0,1.0,1.0,12.0,1.0,0.0075,1,15.5,5.0,150.0,1,2,3,5.0,4.0,2.5
20,9,Celsius,4.5,High,1.0,0,0,0,1,0,1,2,3.0,5.0,1.0,1.0,12.0,1.0,0.0075,1,15.5,5.0,150.0,1,2,3,5.0,4.0,2.5
20,10,Red Bull,2.5,High,7.0,1,0,0,0,0,1,2,3.0,5.0,1.0,1.0,12.0,1.0,0.0075,1,15.5,5.0,150.0,1,2,3,5.0,4.0,2.5
20,11,Monster,3.5,Light,5.0,0,1,1,0,0,0,0,3.0,5.0,1.0,1.0,12.0,1.0,0.0075,1,15.5,5.0,150.0,1,2,3,5.0,4.0,2.5
21,0,Celsius,3.5,High,6.0,0,0,1,0,0,1,2,1.0,1.0,1.0,1.0,0.0,-1.0,0.3,1,0.0,5.0,20.0,1,3,2,5.0,4.0,1.0
21,1,Monster,2.5,High,7.0,0,1,0,0,0,1,2,1.0,1.0,1.0,1.0,0.0,-1.0,0.3,1,0.0,5.0,20.0,1,3,2,5.0,4.0,1.0
21,2,Red Bull,4.5,Light,2.0,1,0,0,1,0,0,0,1.0,1.0,1.0,1.0,0.0,-1.0,0.3,1,0.0,5.0,20.0,1,3,2,5.0,4.0,1.0
21,3,Monster,4.5,Medium,4.0,0,1,0,1,1,0,1,1.0,1.0,1.0,1.0,0.0,-1.0,0.3,1,0.0,5.0,20.0,1,3,2,5.0,4.0,1.0
21,4,Celsius,2.5,Light,3.0,0,0,0,0,0,0,0,1.0,1.0,1.0,1.0,0.0,-1.0,0.3,1,0.0,5.0,20.0,1,3,2,5.0,4.0,1.0
21,5,Red Bull,3.5,Medium,5.0,1,0,1,0,1,0,1,1.0,1.0,1.0,1.0,0.0,-1.0,0.3,1,0.0,5.0,20.0,1,3,2,5.0,4.0,1.0
21,6,Celsius,2.5,Medium,5.0,0,0,0,0,1,0,1,1.0,1.0,1.0,1.0,0.0,-1.0,0.3,1,0.0,5.0,20.0,1,3,2,5.0,4.0,1.0
21,7,Red Bull,4.5,High,6.0,1,0,0,1,0,1,2,1.0,1.0,1.0,1.0,0.0,-1.0,0.3,1,0.0,5.0,20.0,1,3,2,5.0,4.0,1.0
21,8,Monster,3.5,High,7.0,0,1,1,0,0,1,2,1.0,1.0,1.0,1.0,0.0,-1.0,0.3,1,0.0,5.0,20.0,1,3,2,5.0,4.0,1.0
21,9,Celsius,4.5,High,6.0,0,0,0,1,0,1,2,1.0,1.0,1.0,1.0,0.0,-1.0,0.3,1,0.0,5.0,20.0,1,3,2,5.0,4.0,1.0
21,10,Red Bull,2.5,High,5.0,1,0,0,0,0,1,2,1.0,1.0,1.0,1.0,0.0,-1.0,0.3,1,0.0,5.0,20.0,1,3,2,5.0,4.0,1.0
21,11,Monster,3.5,Light,4.0,0,1,1,0,0,0,0,1.0,1.0,1.0,1.0,0.0,-1.0,0.3,1,0.0,5.0,20.0,1,3,2,5.0,4.0,1.0
22,0,Celsius,3.5,High,5.0,0,0,1,0,0,1,2,3.0,1.0,6.0,6.0,0.0,0.0,0.4,1,0.0,4.0,50.0,2,3,1,5.0,3.0,4.0
22,1,Monster,2.5,High,6.0,0,1,0,0,0,1,2,3.0,1.0,6.0,6.0,0.0,0.0,0.4,1,0.0,4.0,50.0,2,3,1,5.0,3.0,4.0
22,2,Red Bull,4.5,Light,3.0,1,0,0,1,0,0,0,3.0,1.0,6.0,6.0,0.0,0.0,0.4,1,0.0,4.0,50.0,2,3,1,5.0,3.0,4.0
22,3,Monster,4.5,Medium,2.0,0,1,0,1,1,0,1,3.0,1.0,6.0,6.0,0.0,0.0,0.4,1,0.0,4.0,50.0,2,3,1,5.0,3.0,4.0
22,4,Celsius,2.5,Light,5.0,0,0,0,0,0,0,0,3.0,1.0,6.0,6.0,0.0,0.0,0.4,1,0.0,4.0,50.0,2,3,1,5.0,3.0,4.0
22,5,Red Bull,3.5,Medium,5.0,1,0,1,0,1,0,1,3.0,1.0,6.0,6.0,0.0,0.0,0.4,1,0.0,4.0,50.0,2,3,1,5.0,3.0,4.0
22,6,Celsius,2.5,Medium,5.0,0,0,0,0,1,0,1,3.0,1.0,6.0,6.0,0.0,0.0,0.4,1,0.0,4.0,50.0,2,3,1,5.0,3.0,4.0
22,7,Red Bull,4.5,High,4.0,1,0,0,1,0,1,2,3.0,1.0,6.0,6.0,0.0,0.0,0.4,1,0.0,4.0,50.0,2,3,1,5.0,3.0,4.0
22,8,Monster,3.5,High,4.0,0,1,1,0,0,1,2,3.0,1.0,6.0,6.0,0.0,0.0,0.4,1,0.0,4.0,50.0,2,3,1,5.0,3.0,4.0
22,9,Celsius,4.5,High,3.0,0,0,0,1,0,1,2,3.0,1.0,6.0,6.0,0.0,0.0,0.4,1,0.0,4.0,50.0,2,3,1,5.0,3.0,4.0
22,10,Red Bull,2.5,High,7.0,1,0,0,0,0,1,2,3.0,1.0,6.0,6.0,0.0,0.0,0.4,1,0.0,4.0,50.0,2,3,1,5.0,3.0,4.0
22,11,Monster,3.5,Light,4.0,0,1,1,0,0,0,0,3.0,1.0,6.0,6.0,0.0,0.0,0.4,1,0.0,4.0,50.0,2,3,1,5.0,3.0,4.0
23,0,Celsius,3.5,High,3.0,0,0,1,0,0,1,2,1.0,1.0,1.0,1.0,0.0,0.0,0.6,1,0.0,4.0,175.0,1,3,2,5.0,2.0,1.0
23,1,Monster,2.5,High,4.0,0,1,0,0,0,1,2,1.0,1.0,1.0,1.0,0.0,0.0,0.6,1,0.0,4.0,175.0,1,3,2,5.0,2.0,1.0
23,2,Red Bull,4.5,Light,2.0,1,0,0,1,0,0,0,1.0,1.0,1.0,1.0,0.0,0.0,0.6,1,0.0,4.0,175.0,1,3,2,5.0,2.0,1.0
23,3,Monster,4.5,Medium,2.0,0,1,0,1,1,0,1,1.0,1.0,1.0,1.0,0.0,0.0,0.6,1,0.0,4.0,175.0,1,3,2,5.0,2.0,1.0
23,4,Celsius,2.5,Light,4.0,0,0,0,0,0,0,0,1.0,1.0,1.0,1.0,0.0,0.0,0.6,1,0.0,4.0,175.0,1,3,2,5.0,2.0,1.0
23,5,Red Bull,3.5,Medium,3.0,1,0,1,0,1,0,1,1.0,1.0,1.0,1.0,0.0,0.0,0.6,1,0.0,4.0,175.0,1,3,2,5.0,2.0,1.0
23,6,Celsius,2.5,Medium,4.0,0,0,0,0,1,0,1,1.0,1.0,1.0,1.0,0.0,0.0,0.6,1,0.0,4.0,175.0,1,3,2,5.0,2.0,1.0
23,7,Red Bull,4.5,High,1.0,1,0,0,1,0,1,2,1.0,1.0,1.0,1.0,0.0,0.0,0.6,1,0.0,4.0,175.0,1,3,2,5.0,2.0,1.0
23,8,Monster,3.5,High,2.0,0,1,1,0,0,1,2,1.0,1.0,1.0,1.0,0.0,0.0,0.6,1,0.0,4.0,175.0,1,3,2,5.0,2.0,1.0
23,9,Celsius,4.5,High,1.0,0,0,0,1,0,1,2,1.0,1.0,1.0,1.0,0.0,0.0,0.6,1,0.0,4.0,175.0,1,3,2,5.0,2.0,1.0
23,10,Red Bull,2.5,High,5.0,1,0,0,0,0,1,2,1.0,1.0,1.0,1.0,0.0,0.0,0.6,1,0.0,4.0,175.0,1,3,2,5.0,2.0,1.0
23,11,Monster,3.5,Light,2.0,0,1,1,0,0,0,0,1.0,1.0,1.0,1.0,0.0,0.0,0.6,1,0.0,4.0,175.0,1,3,2,5.0,2.0,1.0
24,0,Celsius,3.5,High,4.0,0,0,1,0,0,1,2,1.0,1.0,1.0,1.0,0.0,0.0,0.5,1,0.0,4.0,30.0,1,3,2,5.0,3.0,1.0
24,1,Monster,2.5,High,5.0,0,1,0,0,0,1,2,1.0,1.0,1.0,1.0,0.0,0.0,0.5,1,0.0,4.0,30.0,1,3,2,5.0,3.0,1.0
24,2,Red Bull,4.5,Light,6.0,1,0,0,1,0,0,0,1.0,1.0,1.0,1.0,0.0,0.0,0.5,1,0.0,4.0,30.0,1,3,2,5.0,3.0,1.0
24,3,Monster,4.5,Medium,5.0,0,1,0,1,1,0,1,1.0,1.0,1.0,1.0,0.0,0.0,0.5,1,0.0,4.0,30.0,1,3,2,5.0,3.0,1.0
24,4,Celsius,2.5,Light,7.0,0,0,0,0,0,0,0,1.0,1.0,1.0,1.0,0.0,0.0,0.5,1,0.0,4.0,30.0,1,3,2,5.0,3.0,1.0
24,5,Red Bull,3.5,Medium,5.0,1,0,1,0,1,0,1,1.0,1.0,1.0,1.0,0.0,0.0,0.5,1,0.0,4.0,30.0,1,3,2,5.0,3.0,1.0
24,6,Celsius,2.5,Medium,4.0,0,0,0,0,1,0,1,1.0,1.0,1.0,1.0,0.0,0.0,0.5,1,0.0,4.0,30.0,1,3,2,5.0,3.0,1.0
24,7,Red Bull,4.5,High,6.0,1,0,0,1,0,1,2,1.0,1.0,1.0,1.0,0.0,0.0,0.5,1,0.0,4.0,30.0,1,3,2,5.0,3.0,1.0
24,8,Monster,3.5,High,2.0,0,1,1,0,0,1,2,1.0,1.0,1.0,1.0,0.0,0.0,0.5,1,0.0,4.0,30.0,1,3,2,5.0,3.0,1.0
24,9,Celsius,4.5,High,5.0,0,0,0,1,0,1,2,1.0,1.0,1.0,1.0,0.0,0.0,0.5,1,0.0,4.0,30.0,1,3,2,5.0,3.0,1.0
24,10,Red Bull,2.5,High,5.0,1,0,0,0,0,1,2,1.0,1.0,1.0,1.0,0.0,0.0,0.5,1,0.0,4.0,30.0,1,3,2,5.0,3.0,1.0
24,11,Monster,3.5,Light,4.0,0,1,1,0,0,0,0,1.0,1.0,1.0,1.0,0.0,0.0,0.5,1,0.0,4.0,30.0,1,3,2,5.0,3.0,1.0
25,0,Celsius,3.5,High,4.0,0,0,1,0,0,1,2,2.0,1.0,5.0,4.0,0.0,0.0,0.25,1,0.0,4.0,40.0,2,3,1,4.0,4.0,3.0
25,1,Monster,2.5,High,5.0,0,1,0,0,0,1,2,2.0,1.0,5.0,4.0,0.0,0.0,0.25,1,0.0,4.0,40.0,2,3,1,4.0,4.0,3.0
25,2,Red Bull,4.5,Light,3.0,1,0,0,1,0,0,0,2.0,1.0,5.0,4.0,0.0,0.0,0.25,1,0.0,4.0,40.0,2,3,1,4.0,4.0,3.0
25,3,Monster,4.5,Medium,2.0,0,1,0,1,1,0,1,2.0,1.0,5.0,4.0,0.0,0.0,0.25,1,0.0,4.0,40.0,2,3,1,4.0,4.0,3.0
25,4,Celsius,2.5,Light,6.0,0,0,0,0,0,0,0,2.0,1.0,5.0,4.0,0.0,0.0,0.25,1,0.0,4.0,40.0,2,3,1,4.0,4.0,3.0
25,5,Red Bull,3.5,Medium,3.0,1,0,1,0,1,0,1,2.0,1.0,5.0,4.0,0.0,0.0,0.25,1,0.0,4.0,40.0,2,3,1,4.0,4.0,3.0
25,6,Celsius,2.5,Medium,7.0,0,0,0,0,1,0,1,2.0,1.0,5.0,4.0,0.0,0.0,0.25,1,0.0,4.0,40.0,2,3,1,4.0,4.0,3.0
25,7,Red Bull,4.5,High,2.0,1,0,0,1,0,1,2,2.0,1.0,5.0,4.0,0.0,0.0,0.25,1,0.0,4.0,40.0,2,3,1,4.0,4.0,3.0
25,8,Monster,3.5,High,5.0,0,1,1,0,0,1,2,2.0,1.0,5.0,4.0,0.0,0.0,0.25,1,0.0,4.0,40.0,2,3,1,4.0,4.0,3.0
25,9,Celsius,4.5,High,4.0,0,0,0,1,0,1,2,2.0,1.0,5.0,4.0,0.0,0.0,0.25,1,0.0,4.0,40.0,2,3,1,4.0,4.0,3.0
25,10,Red Bull,2.5,High,6.0,1,0,0,0,0,1,2,2.0,1.0,5.0,4.0,0.0,0.0,0.25,1,0.0,4.0,40.0,2,3,1,4.0,4.0,3.0
25,11,Monster,3.5,Light,5.0,0,1,1,0,0,0,0,2.0,1.0,5.0,4.0,0.0,0.0,0.25,1,0.0,4.0,40.0,2,3,1,4.0,4.0,3.0
26,0,Celsius,3.5,High,6.0,0,0,1,0,0,1,2,2.0,1.0,6.0,4.0,3.0,0.0,0.0045000000000000005,1,5.0,4.0,120.0,1,3,2,3.0,3.0,3.25
26,1,Monster,2.5,High,6.0,0,1,0,0,0,1,2,2.0,1.0,6.0,4.0,3.0,0.0,0.0045000000000000005,1,5.0,4.0,120.0,1,3,2,3.0,3.0,3.25
26,2,Red Bull,4.5,Light,3.0,1,0,0,1,0,0,0,2.0,1.0,6.0,4.0,3.0,0.0,0.0045000000000000005,1,5.0,4.0,120.0,1,3,2,3.0,3.0,3.25
26,3,Monster,4.5,Medium,2.0,0,1,0,1,1,0,1,2.0,1.0,6.0,4.0,3.0,0.0,0.0045000000000000005,1,5.0,4.0,120.0,1,3,2,3.0,3.0,3.25
26,4,Celsius,2.5,Light,7.0,0,0,0,0,0,0,0,2.0,1.0,6.0,4.0,3.0,0.0,0.0045000000000000005,1,5.0,4.0,120.0,1,3,2,3.0,3.0,3.25
26,5,Red Bull,3.5,Medium,5.0,1,0,1,0,1,0,1,2.0,1.0,6.0,4.0,3.0,0.0,0.0045000000000000005,1,5.0,4.0,120.0,1,3,2,3.0,3.0,3.25
26,6,Celsius,2.5,Medium,7.0,0,0,0,0,1,0,1,2.0,1.0,6.0,4.0,3.0,0.0,0.0045000000000000005,1,5.0,4.0,120.0,1,3,2,3.0,3.0,3.25
26,7,Red Bull,4.5,High,3.0,1,0,0,1,0,1,2,2.0,1.0,6.0,4.0,3.0,0.0,0.0045000000000000005,1,5.0,4.0,120.0,1,3,2,3.0,3.0,3.25
26,8,Monster,3.5,High,4.0,0,1,1,0,0,1,2,2.0,1.0,6.0,4.0,3.0,0.0,0.0045000000000000005,1,5.0,4.0,120.0,1,3,2,3.0,3.0,3.25
26,9,Celsius,4.5,High,3.0,0,0,0,1,0,1,2,2.0,1.0,6.0,4.0,3.0,0.0,0.0045000000000000005,1,5.0,4.0,120.0,1,3,2,3.0,3.0,3.25
26,10,Red Bull,2.5,High,7.0,1,0,0,0,0,1,2,2.0,1.0,6.0,4.0,3.0,0.0,0.0045000000000000005,1,5.0,4.0,120.0,1,3,2,3.0,3.0,3.25
26,11,Monster,3.5,Light,5.0,0,1,1,0,0,0,0,2.0,1.0,6.0,4.0,3.0,0.0,0.0045000000000000005,1,5.0,4.0,120.0,1,3,2,3.0,3.0,3.25
27,0,Celsius,3.5,High,6.0,0,0,1,0,0,1,2,1.0,1.0,4.0,2.0,1.0,0.0,0.0015,1,3.0,4.0,100.0,2,3,1,3.0,3.0,2.0
27,1,Monster,2.5,High,6.0,0,1,0,0,0,1,2,1.0,1.0,4.0,2.0,1.0,0.0,0.0015,1,3.0,4.0,100.0,2,3,1,3.0,3.0,2.0
27,2,Red Bull,4.5,Light,2.0,1,0,0,1,0,0,0,1.0,1.0,4.0,2.0,1.0,0.0,0.0015,1,3.0,4.0,100.0,2,3,1,3.0,3.0,2.0
27,3,Monster,4.5,Medium,1.0,0,1,0,1,1,0,1,1.0,1.0,4.0,2.0,1.0,0.0,0.0015,1,3.0,4.0,100.0,2,3,1,3.0,3.0,2.0
27,4,Celsius,2.5,Light,5.0,0,0,0,0,0,0,0,1.0,1.0,4.0,2.0,1.0,0.0,0.0015,1,3.0,4.0,100.0,2,3,1,3.0,3.0,2.0
27,5,Red Bull,3.5,Medium,4.0,1,0,1,0,1,0,1,1.0,1.0,4.0,2.0,1.0,0.0,0.0015,1,3.0,4.0,100.0,2,3,1,3.0,3.0,2.0
27,6,Celsius,2.5,Medium,7.0,0,0,0,0,1,0,1,1.0,1.0,4.0,2.0,1.0,0.0,0.0015,1,3.0,4.0,100.0,2,3,1,3.0,3.0,2.0
27,7,Red Bull,4.5,High,2.0,1,0,0,1,0,1,2,1.0,1.0,4.0,2.0,1.0,0.0,0.0015,1,3.0,4.0,100.0,2,3,1,3.0,3.0,2.0
27,8,Monster,3.5,High,4.0,0,1,1,0,0,1,2,1.0,1.0,4.0,2.0,1.0,0.0,0.0015,1,3.0,4.0,100.0,2,3,1,3.0,3.0,2.0
27,9,Celsius,4.5,High,3.0,0,0,0,1,0,1,2,1.0,1.0,4.0,2.0,1.0,0.0,0.0015,1,3.0,4.0,100.0,2,3,1,3.0,3.0,2.0
27,10,Red Bull,2.5,High,7.0,1,0,0,0,0,1,2,1.0,1.0,4.0,2.0,1.0,0.0,0.0015,1,3.0,4.0,100.0,2,3,1,3.0,3.0,2.0
27,11,Monster,3.5,Light,4.0,0,1,1,0,0,0,0,1.0,1.0,4.0,2.0,1.0,0.0,0.0015,1,3.0,4.0,100.0,2,3,1,3.0,3.0,2.0
28,0,Celsius,3.5,High,6.0,0,0,1,0,0,1,2,1.0,1.0,6.0,3.0,2.0,0.0,0.0034999999999999996,1,6.0,3.0,110.0,1,2,3,4.0,4.0,2.75
28,1,Monster,2.5,High,7.0,0,1,0,0,0,1,2,1.0,1.0,6.0,3.0,2.0,0.0,0.0034999999999999996,1,6.0,3.0,110.0,1,2,3,4.0,4.0,2.75
28,2,Red Bull,4.5,Light,3.0,1,0,0,1,0,0,0,1.0,1.0,6.0,3.0,2.0,0.0,0.0034999999999999996,1,6.0,3.0,110.0,1,2,3,4.0,4.0,2.75
28,3,Monster,4.5,Medium,2.0,0,1,0,1,1,0,1,1.0,1.0,6.0,3.0,2.0,0.0,0.0034999999999999996,1,6.0,3.0,110.0,1,2,3,4.0,4.0,2.75
28,4,Celsius,2.5,Light,6.0,0,0,0,0,0,0,0,1.0,1.0,6.0,3.0,2.0,0.0,0.0034999999999999996,1,6.0,3.0,110.0,1,2,3,4.0,4.0,2.75
28,5,Red Bull,3.5,Medium,6.0,1,0,1,0,1,0,1,1.0,1.0,6.0,3.0,2.0,0.0,0.0034999999999999996,1,6.0,3.0,110.0,1,2,3,4.0,4.0,2.75
28,6,Celsius,2.5,Medium,7.0,0,0,0,0,1,0,1,1.0,1.0,6.0,3.0,2.0,0.0,0.0034999999999999996,1,6.0,3.0,110.0,1,2,3,4.0,4.0,2.75
28,7,Red Bull,4.5,High,3.0,1,0,0,1,0,1,2,1.0,1.0,6.0,3.0,2.0,0.0,0.0034999999999999996,1,6.0,3.0,110.0,1,2,3,4.0,4.0,2.75
28,8,Monster,3.5,High,4.0,0,1,1,0,0,1,2,1.0,1.0,6.0,3.0,2.0,0.0,0.0034999999999999996,1,6.0,3.0,110.0,1,2,3,4.0,4.0,2.75
28,9,Celsius,4.5,High,3.0,0,0,0,1,0,1,2,1.0,1.0,6.0,3.0,2.0,0.0,0.0034999999999999996,1,6.0,3.0,110.0,1,2,3,4.0,4.0,2.75
28,10,Red Bull,2.5,High,7.0,1,0,0,0,0,1,2,1.0,1.0,6.0,3.0,2.0,0.0,0.0034999999999999996,1,6.0,3.0,110.0,1,2,3,4.0,4.0,2.75
28,11,Monster,3.5,Light,5.0,0,1,1,0,0,0,0,1.0,1.0,6.0,3.0,2.0,0.0,0.0034999999999999996,1,6.0,3.0,110.0,1,2,3,4.0,4.0,2.75
29,0,Celsius,3.5,High,6.0,0,0,1,0,0,1,2,1.0,1.0,4.0,2.0,1.0,0.0,0.001,1,5.0,5.0,100.0,2,3,1,4.0,3.0,2.0
29,1,Monster,2.5,High,7.0,0,1,0,0,0,1,2,1.0,1.0,4.0,2.0,1.0,0.0,0.001,1,5.0,5.0,100.0,2,3,1,4.0,3.0,2.0
29,2,Red Bull,4.5,Light,1.0,1,0,0,1,0,0,0,1.0,1.0,4.0,2.0,1.0,0.0,0.001,1,5.0,5.0,100.0,2,3,1,4.0,3.0,2.0
29,3,Monster,4.5,Medium,1.0,0,1,0,1,1,0,1,1.0,1.0,4.0,2.0,1.0,0.0,0.001,1,5.0,5.0,100.0,2,3,1,4.0,3.0,2.0
29,4,Celsius,2.5,Light,7.0,0,0,0,0,0,0,0,1.0,1.0,4.0,2.0,1.0,0.0,0.001,1,5.0,5.0,100.0,2,3,1,4.0,3.0,2.0
29,5,Red Bull,3.5,Medium,5.0,1,0,1,0,1,0,1,1.0,1.0,4.0,2.0,1.0,0.0,0.001,1,5.0,5.0,100.0,2,3,1,4.0,3.0,2.0
29,6,Celsius,2.5,Medium,7.0,0,0,0,0,1,0,1,1.0,1.0,4.0,2.0,1.0,0.0,0.001,1,5.0,5.0,100.0,2,3,1,4.0,3.0,2.0
29,7,Red Bull,4.5,High,1.0,1,0,0,1,0,1,2,1.0,1.0,4.0,2.0,1.0,0.0,0.001,1,5.0,5.0,100.0,2,3,1,4.0,3.0,2.0
29,8,Monster,3.5,High,6.0,0,1,1,0,0,1,2,1.0,1.0,4.0,2.0,1.0,0.0,0.001,1,5.0,5.0,100.0,2,3,1,4.0,3.0,2.0
29,9,Celsius,4.5,High,1.0,0,0,0,1,0,1,2,1.0,1.0,4.0,2.0,1.0,0.0,0.001,1,5.0,5.0,100.0,2,3,1,4.0,3.0,2.0
29,10,Red Bull,2.5,High,7.0,1,0,0,0,0,1,2,1.0,1.0,4.0,2.0,1.0,0.0,0.001,1,5.0,5.0,100.0,2,3,1,4.0,3.0,2.0
29,11,Monster,3.5,Light,5.0,0,1,1,0,0,0,0,1.0,1.0,4.0,2.0,1.0,0.0,0.001,1,5.0,5.0,100.0,2,3,1,4.0,3.0,2.0
30,0,Celsius,3.5,High,6.0,0,0,1,0,0,1,2,1.0,1.0,6.0,2.0,2.0,0.0,0.0025,1,6.0,4.0,110.0,2,3,1,5.0,3.0,2.5
30,1,Monster,2.5,High,6.0,0,1,0,0,0,1,2,1.0,1.0,6.0,2.0,2.0,0.0,0.0025,1,6.0,4.0,110.0,2,3,1,5.0,3.0,2.5
30,2,Red Bull,4.5,Light,3.0,1,0,0,1,0,0,0,1.0,1.0,6.0,2.0,2.0,0.0,0.0025,1,6.0,4.0,110.0,2,3,1,5.0,3.0,2.5
30,3,Monster,4.5,Medium,1.0,0,1,0,1,1,0,1,1.0,1.0,6.0,2.0,2.0,0.0,0.0025,1,6.0,4.0,110.0,2,3,1,5.0,3.0,2.5
30,4,Celsius,2.5,Light,7.0,0,0,0,0,0,0,0,1.0,1.0,6.0,2.0,2.0,0.0,0.0025,1,6.0,4.0,110.0,2,3,1,5.0,3.0,2.5
30,5,Red Bull,3.5,Medium,5.0,1,0,1,0,1,0,1,1.0,1.0,6.0,2.0,2.0,0.0,0.0025,1,6.0,4.0,110.0,2,3,1,5.0,3.0,2.5
30,6,Celsius,2.5,Medium,7.0,0,0,0,0,1,0,1,1.0,1.0,6.0,2.0,2.0,0.0,0.0025,1,6.0,4.0,110.0,2,3,1,5.0,3.0,2.5
30,7,Red Bull,4.5,High,3.0,1,0,0,1,0,1,2,1.0,1.0,6.0,2.0,2.0,0.0,0.0025,1,6.0,4.0,110.0,2,3,1,5.0,3.0,2.5
30,8,Monster,3.5,High,4.0,0,1,1,0,0,1,2,1.0,1.0,6.0,2.0,2.0,0.0,0.0025,1,6.0,4.0,110.0,2,3,1,5.0,3.0,2.5
30,9,Celsius,4.5,High,2.0,0,0,0,1,0,1,2,1.0,1.0,6.0,2.0,2.0,0.0,0.0025,1,6.0,4.0,110.0,2,3,1,5.0,3.0,2.5
30,10,Red Bull,2.5,High,7.0,1,0,0,0,0,1,2,1.0,1.0,6.0,2.0,2.0,0.0,0.0025,1,6.0,4.0,110.0,2,3,1,5.0,3.0,2.5
30,11,Monster,3.5,Light,4.0,0,1,1,0,0,0,0,1.0,1.0,6.0,2.0,2.0,0.0,0.0025,1,6.0,4.0,110.0,2,3,1,5.0,3.0,2.5
31,0,Celsius,3.5,High,6.0,0,0,1,0,0,1,2,3.0,2.0,5.0,4.0,2.0,0.0,0.0045000000000000005,1,3.0,4.0,120.0,2,3,1,4.0,2.0,3.5
31,1,Monster,2.5,High,6.0,0,1,0,0,0,1,2,3.0,2.0,5.0,4.0,2.0,0.0,0.0045000000000000005,1,3.0,4.0,120.0,2,3,1,4.0,2.0,3.5
31,2,Red Bull,4.5,Light,3.0,1,0,0,1,0,0,0,3.0,2.0,5.0,4.0,2.0,0.0,0.0045000000000000005,1,3.0,4.0,120.0,2,3,1,4.0,2.0,3.5
31,3,Monster,4.5,Medium,4.0,0,1,0,1,1,0,1,3.0,2.0,5.0,4.0,2.0,0.0,0.0045000000000000005,1,3.0,4.0,120.0,2,3,1,4.0,2.0,3.5
31,4,Celsius,2.5,Light,5.0,0,0,0,0,0,0,0,3.0,2.0,5.0,4.0,2.0,0.0,0.0045000000000000005,1,3.0,4.0,120.0,2,3,1,4.0,2.0,3.5
31,5,Red Bull,3.5,Medium,5.0,1,0,1,0,1,0,1,3.0,2.0,5.0,4.0,2.0,0.0,0.0045000000000000005,1,3.0,4.0,120.0,2,3,1,4.0,2.0,3.5
31,6,Celsius,2.5,Medium,6.0,0,0,0,0,1,0,1,3.0,2.0,5.0,4.0,2.0,0.0,0.0045000000000000005,1,3.0,4.0,120.0,2,3,1,4.0,2.0,3.5
31,7,Red Bull,4.5,High,4.0,1,0,0,1,0,1,2,3.0,2.0,5.0,4.0,2.0,0.0,0.0045000000000000005,1,3.0,4.0,120.0,2,3,1,4.0,2.0,3.5
31,8,Monster,3.5,High,6.0,0,1,1,0,0,1,2,3.0,2.0,5.0,4.0,2.0,0.0,0.0045000000000000005,1,3.0,4.0,120.0,2,3,1,4.0,2.0,3.5
31,9,Celsius,4.5,High,5.0,0,0,0,1,0,1,2,3.0,2.0,5.0,4.0,2.0,0.0,0.0045000000000000005,1,3.0,4.0,120.0,2,3,1,4.0,2.0,3.5
31,10,Red Bull,2.5,High,7.0,1,0,0,0,0,1,2,3.0,2.0,5.0,4.0,2.0,0.0,0.0045000000000000005,1,3.0,4.0,120.0,2,3,1,4.0,2.0,3.5
31,11,Monster,3.5,Light,4.0,0,1,1,0,0,0,0,3.0,2.0,5.0,4.0,2.0,0.0,0.0045000000000000005,1,3.0,4.0,120.0,2,3,1,4.0,2.0,3.5
32,0,Celsius,3.5,High,5.0,0,0,1,0,0,1,2,2.0,1.0,4.0,3.0,1.0,-1.0,0.0025,1,3.0,5.0,100.0,3,1,2,3.0,2.0,2.5
32,1,Monster,2.5,High,7.0,0,1,0,0,0,1,2,2.0,1.0,4.0,3.0,1.0,-1.0,0.0025,1,3.0,5.0,100.0,3,1,2,3.0,2.0,2.5
32,2,Red Bull,4.5,Light,2.0,1,0,0,1,0,0,0,2.0,1.0,4.0,3.0,1.0,-1.0,0.0025,1,3.0,5.0,100.0,3,1,2,3.0,2.0,2.5
32,3,Monster,4.5,Medium,3.0,0,1,0,1,1,0,1,2.0,1.0,4.0,3.0,1.0,-1.0,0.0025,1,3.0,5.0,100.0,3,1,2,3.0,2.0,2.5
32,4,Celsius,2.5,Light,6.0,0,0,0,0,0,0,0,2.0,1.0,4.0,3.0,1.0,-1.0,0.0025,1,3.0,5.0,100.0,3,1,2,3.0,2.0,2.5
32,5,Red Bull,3.5,Medium,4.0,1,0,1,0,1,0,1,2.0,1.0,4.0,3.0,1.0,-1.0,0.0025,1,3.0,5.0,100.0,3,1,2,3.0,2.0,2.5
32,6,Celsius,2.5,Medium,6.0,0,0,0,0,1,0,1,2.0,1.0,4.0,3.0,1.0,-1.0,0.0025,1,3.0,5.0,100.0,3,1,2,3.0,2.0,2.5
32,7,Red Bull,4.5,High,3.0,1,0,0,1,0,1,2,2.0,1.0,4.0,3.0,1.0,-1.0,0.0025,1,3.0,5.0,100.0,3,1,2,3.0,2.0,2.5
32,8,Monster,3.5,High,6.0,0,1,1,0,0,1,2,2.0,1.0,4.0,3.0,1.0,-1.0,0.0025,1,3.0,5.0,100.0,3,1,2,3.0,2.0,2.5
32,9,Celsius,4.5,High,4.0,0,0,0,1,0,1,2,2.0,1.0,4.0,3.0,1.0,-1.0,0.0025,1,3.0,5.0,100.0,3,1,2,3.0,2.0,2.5
32,10,Red Bull,2.5,High,5.0,1,0,0,0,0,1,2,2.0,1.0,4.0,3.0,1.0,-1.0,0.0025,1,3.0,5.0,100.0,3,1,2,3.0,2.0,2.5
32,11,Monster,3.5,Light,5.0,0,1,1,0,0,0,0,2.0,1.0,4.0,3.0,1.0,-1.0,0.0025,1,3.0,5.0,100.0,3,1,2,3.0,2.0,2.5
33,0,Celsius,3.5,High,5.0,0,0,1,0,0,1,2,2.0,2.0,6.0,5.0,5.0,1.0,0.0045000000000000005,1,6.0,2.0,120.0,1,3,1,5.0,3.0,3.75
33,1,Monster,2.5,High,5.0,0,1,0,0,0,1,2,2.0,2.0,6.0,5.0,5.0,1.0,0.0045000000000000005,1,6.0,2.0,120.0,1,3,1,5.0,3.0,3.75
33,2,Red Bull,4.5,Light,5.0,1,0,0,1,0,0,0,2.0,2.0,6.0,5.0,5.0,1.0,0.0045000000000000005,1,6.0,2.0,120.0,1,3,1,5.0,3.0,3.75
33,3,Monster,4.5,Medium,4.0,0,1,0,1,1,0,1,2.0,2.0,6.0,5.0,5.0,1.0,0.0045000000000000005,1,6.0,2.0,120.0,1,3,1,5.0,3.0,3.75
33,4,Celsius,2.5,Light,4.0,0,0,0,0,0,0,0,2.0,2.0,6.0,5.0,5.0,1.0,0.0045000000000000005,1,6.0,2.0,120.0,1,3,1,5.0,3.0,3.75
33,5,Red Bull,3.5,Medium,6.0,1,0,1,0,1,0,1,2.0,2.0,6.0,5.0,5.0,1.0,0.0045000000000000005,1,6.0,2.0,120.0,1,3,1,5.0,3.0,3.75
33,6,Celsius,2.5,Medium,5.0,0,0,0,0,1,0,1,2.0,2.0,6.0,5.0,5.0,1.0,0.0045000000000000005,1,6.0,2.0,120.0,1,3,1,5.0,3.0,3.75
33,7,Red Bull,4.5,High,6.0,1,0,0,1,0,1,2,2.0,2.0,6.0,5.0,5.0,1.0,0.0045000000000000005,1,6.0,2.0,120.0,1,3,1,5.0,3.0,3.75
33,8,Monster,3.5,High,5.0,0,1,1,0,0,1,2,2.0,2.0,6.0,5.0,5.0,1.0,0.0045000000000000005,1,6.0,2.0,120.0,1,3,1,5.0,3.0,3.75
33,9,Celsius,4.5,High,5.0,0,0,0,1,0,1,2,2.0,2.0,6.0,5.0,5.0,1.0,0.0045000000000000005,1,6.0,2.0,120.0,1,3,1,5.0,3.0,3.75
33,10,Red Bull,2.5,High,7.0,1,0,0,0,0,1,2,2.0,2.0,6.0,5.0,5.0,1.0,0.0045000000000000005,1,6.0,2.0,120.0,1,3,1,5.0,3.0,3.75
33,11,Monster,3.5,Light,4.0,0,1,1,0,0,0,0,2.0,2.0,6.0,5.0,5.0,1.0,0.0045000000000000005,1,6.0,2.0,120.0,1,3,1,5.0,3.0,3.75
34,0,Celsius,3.5,High,6.0,0,0,1,0,0,1,2,2.0,3.0,4.0,3.0,0.0,-1.0,0.0015,1,2.0,4.0,100.0,3,2,1,3.0,2.0,3.0
34,1,Monster,2.5,High,5.0,0,1,0,0,0,1,2,2.0,3.0,4.0,3.0,0.0,-1.0,0.0015,1,2.0,4.0,100.0,3,2,1,3.0,2.0,3.0
34,2,Red Bull,4.5,Light,2.0,1,0,0,1,0,0,0,2.0,3.0,4.0,3.0,0.0,-1.0,0.0015,1,2.0,4.0,100.0,3,2,1,3.0,2.0,3.0
34,3,Monster,4.5,Medium,3.0,0,1,0,1,1,0,1,2.0,3.0,4.0,3.0,0.0,-1.0,0.0015,1,2.0,4.0,100.0,3,2,1,3.0,2.0,3.0
34,4,Celsius,2.5,Light,6.0,0,0,0,0,0,0,0,2.0,3.0,4.0,3.0,0.0,-1.0,0.0015,1,2.0,4.0,100.0,3,2,1,3.0,2.0,3.0
34,5,Red Bull,3.5,Medium,3.0,1,0,1,0,1,0,1,2.0,3.0,4.0,3.0,0.0,-1.0,0.0015,1,2.0,4.0,100.0,3,2,1,3.0,2.0,3.0
34,6,Celsius,2.5,Medium,7.0,0,0,0,0,1,0,1,2.0,3.0,4.0,3.0,0.0,-1.0,0.0015,1,2.0,4.0,100.0,3,2,1,3.0,2.0,3.0
34,7,Red Bull,4.5,High,3.0,1,0,0,1,0,1,2,2.0,3.0,4.0,3.0,0.0,-1.0,0.0015,1,2.0,4.0,100.0,3,2,1,3.0,2.0,3.0
34,8,Monster,3.5,High,5.0,0,1,1,0,0,1,2,2.0,3.0,4.0,3.0,0.0,-1.0,0.0015,1,2.0,4.0,100.0,3,2,1,3.0,2.0,3.0
34,9,Celsius,4.5,High,5.0,0,0,0,1,0,1,2,2.0,3.0,4.0,3.0,0.0,-1.0,0.0015,1,2.0,4.0,100.0,3,2,1,3.0,2.0,3.0
34,10,Red Bull,2.5,High,4.0,1,0,0,0,0,1,2,2.0,3.0,4.0,3.0,0.0,-1.0,0.0015,1,2.0,4.0,100.0,3,2,1,3.0,2.0,3.0
34,11,Monster,3.5,Light,4.0,0,1,1,0,0,0,0,2.0,3.0,4.0,3.0,0.0,-1.0,0.0015,1,2.0,4.0,100.0,3,2,1,3.0,2.0,3.0
35,0,Celsius,3.5,High,4.0,0,0,1,0,0,1,2,1.0,1.0,4.0,2.0,0.0,0.0,0.0034999999999999996,1,1.0,3.0,90.0,2,1,3,4.0,3.0,2.0
35,1,Monster,2.5,High,5.0,0,1,0,0,0,1,2,1.0,1.0,4.0,2.0,0.0,0.0,0.0034999999999999996,1,1.0,3.0,90.0,2,1,3,4.0,3.0,2.0
35,2,Red Bull,4.5,Light,3.0,1,0,0,1,0,0,0,1.0,1.0,4.0,2.0,0.0,0.0,0.0034999999999999996,1,1.0,3.0,90.0,2,1,3,4.0,3.0,2.0
35,3,Monster,4.5,Medium,4.0,0,1,0,1,1,0,1,1.0,1.0,4.0,2.0,0.0,0.0,0.0034999999999999996,1,1.0,3.0,90.0,2,1,3,4.0,3.0,2.0
35,4,Celsius,2.5,Light,5.0,0,0,0,0,0,0,0,1.0,1.0,4.0,2.0,0.0,0.0,0.0034999999999999996,1,1.0,3.0,90.0,2,1,3,4.0,3.0,2.0
35,5,Red Bull,3.5,Medium,4.0,1,0,1,0,1,0,1,1.0,1.0,4.0,2.0,0.0,0.0,0.0034999999999999996,1,1.0,3.0,90.0,2,1,3,4.0,3.0,2.0
35,6,Celsius,2.5,Medium,5.0,0,0,0,0,1,0,1,1.0,1.0,4.0,2.0,0.0,0.0,0.0034999999999999996,1,1.0,3.0,90.0,2,1,3,4.0,3.0,2.0
35,7,Red Bull,4.5,High,4.0,1,0,0,1,0,1,2,1.0,1.0,4.0,2.0,0.0,0.0,0.0034999999999999996,1,1.0,3.0,90.0,2,1,3,4.0,3.0,2.0
35,8,Monster,3.5,High,5.0,0,1,1,0,0,1,2,1.0,1.0,4.0,2.0,0.0,0.0,0.0034999999999999996,1,1.0,3.0,90.0,2,1,3,4.0,3.0,2.0
35,9,Celsius,4.5,High,4.0,0,0,0,1,0,1,2,1.0,1.0,4.0,2.0,0.0,0.0,0.0034999999999999996,1,1.0,3.0,90.0,2,1,3,4.0,3.0,2.0
35,10,Red Bull,2.5,High,5.0,1,0,0,0,0,1,2,1.0,1.0,4.0,2.0,0.0,0.0,0.0034999999999999996,1,1.0,3.0,90.0,2,1,3,4.0,3.0,2.0
35,11,Monster,3.5,Light,5.0,0,1,1,0,0,0,0,1.0,1.0,4.0,2.0,0.0,0.0,0.0034999999999999996,1,1.0,3.0,90.0,2,1,3,4.0,3.0,2.0
36,0,Celsius,3.5,High,5.0,0,0,1,0,0,1,2,1.0,2.0,5.0,4.0,5.0,0.0,0.6,1,5.0,2.0,70.0,2,3,1,5.0,3.0,3.0
36,1,Monster,2.5,High,6.0,0,1,0,0,0,1,2,1.0,2.0,5.0,4.0,5.0,0.0,0.6,1,5.0,2.0,70.0,2,3,1,5.0,3.0,3.0
36,2,Red Bull,4.5,Light,2.0,1,0,0,1,0,0,0,1.0,2.0,5.0,4.0,5.0,0.0,0.6,1,5.0,2.0,70.0,2,3,1,5.0,3.0,3.0
36,3,Monster,4.5,Medium,1.0,0,1,0,1,1,0,1,1.0,2.0,5.0,4.0,5.0,0.0,0.6,1,5.0,2.0,70.0,2,3,1,5.0,3.0,3.0
36,4,Celsius,2.5,Light,7.0,0,0,0,0,0,0,0,1.0,2.0,5.0,4.0,5.0,0.0,0.6,1,5.0,2.0,70.0,2,3,1,5.0,3.0,3.0
36,5,Red Bull,3.5,Medium,5.0,1,0,1,0,1,0,1,1.0,2.0,5.0,4.0,5.0,0.0,0.6,1,5.0,2.0,70.0,2,3,1,5.0,3.0,3.0
36,6,Celsius,2.5,Medium,7.0,0,0,0,0,1,0,1,1.0,2.0,5.0,4.0,5.0,0.0,0.6,1,5.0,2.0,70.0,2,3,1,5.0,3.0,3.0
36,7,Red Bull,4.5,High,3.0,1,0,0,1,0,1,2,1.0,2.0,5.0,4.0,5.0,0.0,0.6,1,5.0,2.0,70.0,2,3,1,5.0,3.0,3.0
36,8,Monster,3.5,High,3.0,0,1,1,0,0,1,2,1.0,2.0,5.0,4.0,5.0,0.0,0.6,1,5.0,2.0,70.0,2,3,1,5.0,3.0,3.0
36,9,Celsius,4.5,High,2.0,0,0,0,1,0,1,2,1.0,2.0,5.0,4.0,5.0,0.0,0.6,1,5.0,2.0,70.0,2,3,1,5.0,3.0,3.0
36,10,Red Bull,2.5,High,7.0,1,0,0,0,0,1,2,1.0,2.0,5.0,4.0,5.0,0.0,0.6,1,5.0,2.0,70.0,2,3,1,5.0,3.0,3.0
36,11,Monster,3.5,Light,3.0,0,1,1,0,0,0,0,1.0,2.0,5.0,4.0,5.0,0.0,0.6,1,5.0,2.0,70.0,2,3,1,5.0,3.0,3.0
37,0,Celsius,3.5,High,5.0,0,0,1,0,0,1,2,1.0,1.0,1.0,1.0,0.0,0.0,0.0,1,0.0,1.0,150.0,2,3,1,4.0,4.0,1.0
37,1,Monster,2.5,High,4.0,0,1,0,0,0,1,2,1.0,1.0,1.0,1.0,0.0,0.0,0.0,1,0.0,1.0,150.0,2,3,1,4.0,4.0,1.0
37,2,Red Bull,4.5,Light,4.0,1,0,0,1,0,0,0,1.0,1.0,1.0,1.0,0.0,0.0,0.0,1,0.0,1.0,150.0,2,3,1,4.0,4.0,1.0
37,3,Monster,4.5,Medium,4.0,0,1,0,1,1,0,1,1.0,1.0,1.0,1.0,0.0,0.0,0.0,1,0.0,1.0,150.0,2,3,1,4.0,4.0,1.0
37,4,Celsius,2.5,Light,5.0,0,0,0,0,0,0,0,1.0,1.0,1.0,1.0,0.0,0.0,0.0,1,0.0,1.0,150.0,2,3,1,4.0,4.0,1.0
37,5,Red Bull,3.5,Medium,4.0,1,0,1,0,1,0,1,1.0,1.0,1.0,1.0,0.0,0.0,0.0,1,0.0,1.0,150.0,2,3,1,4.0,4.0,1.0
37,6,Celsius,2.5,Medium,5.0,0,0,0,0,1,0,1,1.0,1.0,1.0,1.0,0.0,0.0,0.0,1,0.0,1.0,150.0,2,3,1,4.0,4.0,1.0
37,7,Red Bull,4.5,High,4.0,1,0,0,1,0,1,2,1.0,1.0,1.0,1.0,0.0,0.0,0.0,1,0.0,1.0,150.0,2,3,1,4.0,4.0,1.0
37,8,Monster,3.5,High,4.0,0,1,1,0,0,1,2,1.0,1.0,1.0,1.0,0.0,0.0,0.0,1,0.0,1.0,150.0,2,3,1,4.0,4.0,1.0
37,9,Celsius,4.5,High,3.0,0,0,0,1,0,1,2,1.0,1.0,1.0,1.0,0.0,0.0,0.0,1,0.0,1.0,150.0,2,3,1,4.0,4.0,1.0
37,10,Red Bull,2.5,High,6.0,1,0,0,0,0,1,2,1.0,1.0,1.0,1.0,0.0,0.0,0.0,1,0.0,1.0,150.0,2,3,1,4.0,4.0,1.0
37,11,Monster,3.5,Light,4.0,0,1,1,0,0,0,0,1.0,1.0,1.0,1.0,0.0,0.0,0.0,1,0.0,1.0,150.0,2,3,1,4.0,4.0,1.0
38,0,Celsius,3.5,High,5.0,0,0,1,0,0,1,2,1.0,1.0,4.0,4.0,0.0,0.0,0.0,1,2.0,3.0,100.0,3,2,1,3.0,3.0,2.5
38,1,Monster,2.5,High,6.0,0,1,0,0,0,1,2,1.0,1.0,4.0,4.0,0.0,0.0,0.0,1,2.0,3.0,100.0,3,2,1,3.0,3.0,2.5
38,2,Red Bull,4.5,Light,3.0,1,0,0,1,0,0,0,1.0,1.0,4.0,4.0,0.0,0.0,0.0,1,2.0,3.0,100.0,3,2,1,3.0,3.0,2.5
38,3,Monster,4.5,Medium,4.0,0,1,0,1,1,0,1,1.0,1.0,4.0,4.0,0.0,0.0,0.0,1,2.0,3.0,100.0,3,2,1,3.0,3.0,2.5
38,4,Celsius,2.5,Light,5.0,0,0,0,0,0,0,0,1.0,1.0,4.0,4.0,0.0,0.0,0.0,1,2.0,3.0,100.0,3,2,1,3.0,3.0,2.5
38,5,Red Bull,3.5,Medium,4.0,1,0,1,0,1,0,1,1.0,1.0,4.0,4.0,0.0,0.0,0.0,1,2.0,3.0,100.0,3,2,1,3.0,3.0,2.5
38,6,Celsius,2.5,Medium,5.0,0,0,0,0,1,0,1,1.0,1.0,4.0,4.0,0.0,0.0,0.0,1,2.0,3.0,100.0,3,2,1,3.0,3.0,2.5
38,7,Red Bull,4.5,High,4.0,1,0,0,1,0,1,2,1.0,1.0,4.0,4.0,0.0,0.0,0.0,1,2.0,3.0,100.0,3,2,1,3.0,3.0,2.5
38,8,Monster,3.5,High,5.0,0,1,1,0,0,1,2,1.0,1.0,4.0,4.0,0.0,0.0,0.0,1,2.0,3.0,100.0,3,2,1,3.0,3.0,2.5
38,9,Celsius,4.5,High,5.0,0,0,0,1,0,1,2,1.0,1.0,4.0,4.0,0.0,0.0,0.0,1,2.0,3.0,100.0,3,2,1,3.0,3.0,2.5
38,10,Red Bull,2.5,High,4.0,1,0,0,0,0,1,2,1.0,1.0,4.0,4.0,0.0,0.0,0.0,1,2.0,3.0,100.0,3,2,1,3.0,3.0,2.5
38,11,Monster,3.5,Light,4.0,0,1,1,0,0,0,0,1.0,1.0,4.0,4.0,0.0,0.0,0.0,1,2.0,3.0,100.0,3,2,1,3.0,3.0,2.5
39,0,Celsius,3.5,High,3.0,0,0,1,0,0,1,2,7.0,7.0,7.0,7.0,8.0,1.0,0.8,1,13.5,3.0,100.0,2,1,3,5.0,5.0,7.0
39,1,Monster,2.5,High,6.0,0,1,0,0,0,1,2,7.0,7.0,7.0,7.0,8.0,1.0,0.8,1,13.5,3.0,100.0,2,1,3,5.0,5.0,7.0
39,2,Red Bull,4.5,Light,1.0,1,0,0,1,0,0,0,7.0,7.0,7.0,7.0,8.0,1.0,0.8,1,13.5,3.0,100.0,2,1,3,5.0,5.0,7.0
39,3,Monster,4.5,Medium,2.0,0,1,0,1,1,0,1,7.0,7.0,7.0,7.0,8.0,1.0,0.8,1,13.5,3.0,100.0,2,1,3,5.0,5.0,7.0
39,4,Celsius,2.5,Light,4.0,0,0,0,0,0,0,0,7.0,7.0,7.0,7.0,8.0,1.0,0.8,1,13.5,3.0,100.0,2,1,3,5.0,5.0,7.0
39,5,Red Bull,3.5,Medium,3.0,1,0,1,0,1,0,1,7.0,7.0,7.0,7.0,8.0,1.0,0.8,1,13.5,3.0,100.0,2,1,3,5.0,5.0,7.0
39,6,Celsius,2.5,Medium,4.0,0,0,0,0,1,0,1,7.0,7.0,7.0,7.0,8.0,1.0,0.8,1,13.5,3.0,100.0,2,1,3,5.0,5.0,7.0
39,7,Red Bull,4.5,High,2.0,1,0,0,1,0,1,2,7.0,7.0,7.0,7.0,8.0,1.0,0.8,1,13.5,3.0,100.0,2,1,3,5.0,5.0,7.0
39,8,Monster,3.5,High,4.0,0,1,1,0,0,1,2,7.0,7.0,7.0,7.0,8.0,1.0,0.8,1,13.5,3.0,100.0,2,1,3,5.0,5.0,7.0
39,9,Celsius,4.5,High,1.0,0,0,0,1,0,1,2,7.0,7.0,7.0,7.0,8.0,1.0,0.8,1,13.5,3.0,100.0,2,1,3,5.0,5.0,7.0
39,10,Red Bull,2.5,High,1.0,1,0,0,0,0,1,2,7.0,7.0,7.0,7.0,8.0,1.0,0.8,1,13.5,3.0,100.0,2,1,3,5.0,5.0,7.0
39,11,Monster,3.5,Light,4.0,0,1,1,0,0,0,0,7.0,7.0,7.0,7.0,8.0,1.0,0.8,1,13.5,3.0,100.0,2,1,3,5.0,5.0,7.0
40,0,Celsius,3.5,High,3.0,0,0,1,0,0,1,2,2.0,5.0,1.0,1.0,1.0,-1.0,0.0,1,3.0,4.0,30.0,2,3,1,3.0,3.0,2.25
40,1,Monster,2.5,High,4.0,0,1,0,0,0,1,2,2.0,5.0,1.0,1.0,1.0,-1.0,0.0,1,3.0,4.0,30.0,2,3,1,3.0,3.0,2.25
40,2,Red Bull,4.5,Light,2.0,1,0,0,1,0,0,0,2.0,5.0,1.0,1.0,1.0,-1.0,0.0,1,3.0,4.0,30.0,2,3,1,3.0,3.0,2.25
40,3,Monster,4.5,Medium,1.0,0,1,0,1,1,0,1,2.0,5.0,1.0,1.0,1.0,-1.0,0.0,1,3.0,4.0,30.0,2,3,1,3.0,3.0,2.25
40,4,Celsius,2.5,Light,7.0,0,0,0,0,0,0,0,2.0,5.0,1.0,1.0,1.0,-1.0,0.0,1,3.0,4.0,30.0,2,3,1,3.0,3.0,2.25
40,5,Red Bull,3.5,Medium,5.0,1,0,1,0,1,0,1,2.0,5.0,1.0,1.0,1.0,-1.0,0.0,1,3.0,4.0,30.0,2,3,1,3.0,3.0,2.25
40,6,Celsius,2.5,Medium,7.0,0,0,0,0,1,0,1,2.0,5.0,1.0,1.0,1.0,-1.0,0.0,1,3.0,4.0,30.0,2,3,1,3.0,3.0,2.25
40,7,Red Bull,4.5,High,1.0,1,0,0,1,0,1,2,2.0,5.0,1.0,1.0,1.0,-1.0,0.0,1,3.0,4.0,30.0,2,3,1,3.0,3.0,2.25
40,8,Monster,3.5,High,1.0,0,1,1,0,0,1,2,2.0,5.0,1.0,1.0,1.0,-1.0,0.0,1,3.0,4.0,30.0,2,3,1,3.0,3.0,2.25
40,9,Celsius,4.5,High,1.0,0,0,0,1,0,1,2,2.0,5.0,1.0,1.0,1.0,-1.0,0.0,1,3.0,4.0,30.0,2,3,1,3.0,3.0,2.25
40,10,Red Bull,2.5,High,6.0,1,0,0,0,0,1,2,2.0,5.0,1.0,1.0,1.0,-1.0,0.0,1,3.0,4.0,30.0,2,3,1,3.0,3.0,2.25
40,11,Monster,3.5,Light,4.0,0,1,1,0,0,0,0,2.0,5.0,1.0,1.0,1.0,-1.0,0.0,1,3.0,4.0,30.0,2,3,1,3.0,3.0,2.25
41,0,Celsius,3.5,High,1.0,0,0,1,0,0,1,2,1.0,1.0,4.0,3.0,0.0,0.0,0.0,1,0.0,5.0,50.0,1,2,3,5.0,5.0,2.25
41,1,Monster,2.5,High,6.0,0,1,0,0,0,1,2,1.0,1.0,4.0,3.0,0.0,0.0,0.0,1,0.0,5.0,50.0,1,2,3,5.0,5.0,2.25
41,2,Red Bull,4.5,Light,3.0,1,0,0,1,0,0,0,1.0,1.0,4.0,3.0,0.0,0.0,0.0,1,0.0,5.0,50.0,1,2,3,5.0,5.0,2.25
41,3,Monster,4.5,Medium,4.0,0,1,0,1,1,0,1,1.0,1.0,4.0,3.0,0.0,0.0,0.0,1,0.0,5.0,50.0,1,2,3,5.0,5.0,2.25
41,4,Celsius,2.5,Light,1.0,0,0,0,0,0,0,0,1.0,1.0,4.0,3.0,0.0,0.0,0.0,1,0.0,5.0,50.0,1,2,3,5.0,5.0,2.25
41,5,Red Bull,3.5,Medium,5.0,1,0,1,0,1,0,1,1.0,1.0,4.0,3.0,0.0,0.0,0.0,1,0.0,5.0,50.0,1,2,3,5.0,5.0,2.25
41,6,Celsius,2.5,Medium,1.0,0,0,0,0,1,0,1,1.0,1.0,4.0,3.0,0.0,0.0,0.0,1,0.0,5.0,50.0,1,2,3,5.0,5.0,2.25
41,7,Red Bull,4.5,High,4.0,1,0,0,1,0,1,2,1.0,1.0,4.0,3.0,0.0,0.0,0.0,1,0.0,5.0,50.0,1,2,3,5.0,5.0,2.25
41,8,Monster,3.5,High,3.0,0,1,1,0,0,1,2,1.0,1.0,4.0,3.0,0.0,0.0,0.0,1,0.0,5.0,50.0,1,2,3,5.0,5.0,2.25
41,9,Celsius,4.5,High,1.0,0,0,0,1,0,1,2,1.0,1.0,4.0,3.0,0.0,0.0,0.0,1,0.0,5.0,50.0,1,2,3,5.0,5.0,2.25
41,10,Red Bull,2.5,High,6.0,1,0,0,0,0,1,2,1.0,1.0,4.0,3.0,0.0,0.0,0.0,1,0.0,5.0,50.0,1,2,3,5.0,5.0,2.25
41,11,Monster,3.5,Light,3.0,0,1,1,0,0,0,0,1.0,1.0,4.0,3.0,0.0,0.0,0.0,1,0.0,5.0,50.0,1,2,3,5.0,5.0,2.25
42,0,Celsius,3.5,High,6.0,0,0,1,0,0,1,2,1.0,1.0,6.0,6.0,0.0,0.0,0.15,1,2.0,4.0,200.0,2,3,1,5.0,3.0,3.5
42,1,Monster,2.5,High,7.0,0,1,0,0,0,1,2,1.0,1.0,6.0,6.0,0.0,0.0,0.15,1,2.0,4.0,200.0,2,3,1,5.0,3.0,3.5
42,2,Red Bull,4.5,Light,2.0,1,0,0,1,0,0,0,1.0,1.0,6.0,6.0,0.0,0.0,0.15,1,2.0,4.0,200.0,2,3,1,5.0,3.0,3.5
42,3,Monster,4.5,Medium,3.0,0,1,0,1,1,0,1,1.0,1.0,6.0,6.0,0.0,0.0,0.15,1,2.0,4.0,200.0,2,3,1,5.0,3.0,3.5
42,4,Celsius,2.5,Light,6.0,0,0,0,0,0,0,0,1.0,1.0,6.0,6.0,0.0,0.0,0.15,1,2.0,4.0,200.0,2,3,1,5.0,3.0,3.5
42,5,Red Bull,3.5,Medium,5.0,1,0,1,0,1,0,1,1.0,1.0,6.0,6.0,0.0,0.0,0.15,1,2.0,4.0,200.0,2,3,1,5.0,3.0,3.5
42,6,Celsius,2.5,Medium,7.0,0,0,0,0,1,0,1,1.0,1.0,6.0,6.0,0.0,0.0,0.15,1,2.0,4.0,200.0,2,3,1,5.0,3.0,3.5
42,7,Red Bull,4.5,High,2.0,1,0,0,1,0,1,2,1.0,1.0,6.0,6.0,0.0,0.0,0.15,1,2.0,4.0,200.0,2,3,1,5.0,3.0,3.5
42,8,Monster,3.5,High,5.0,0,1,1,0,0,1,2,1.0,1.0,6.0,6.0,0.0,0.0,0.15,1,2.0,4.0,200.0,2,3,1,5.0,3.0,3.5
42,9,Celsius,4.5,High,4.0,0,0,0,1,0,1,2,1.0,1.0,6.0,6.0,0.0,0.0,0.15,1,2.0,4.0,200.0,2,3,1,5.0,3.0,3.5
42,10,Red Bull,2.5,High,7.0,1,0,0,0,0,1,2,1.0,1.0,6.0,6.0,0.0,0.0,0.15,1,2.0,4.0,200.0,2,3,1,5.0,3.0,3.5
42,11,Monster,3.5,Light,5.0,0,1,1,0,0,0,0,1.0,1.0,6.0,6.0,0.0,0.0,0.15,1,2.0,4.0,200.0,2,3,1,5.0,3.0,3.5
44,0,Celsius,3.5,High,5.0,0,0,1,0,0,1,2,3.0,3.0,3.0,3.0,0.0,0.0,0.0005,1,10.0,5.0,,3,2,1,5.0,2.0,3.0
44,1,Monster,2.5,High,7.0,0,1,0,0,0,1,2,3.0,3.0,3.0,3.0,0.0,0.0,0.0005,1,10.0,5.0,,3,2,1,5.0,2.0,3.0
44,2,Red Bull,4.5,Light,5.0,1,0,0,1,0,0,0,3.0,3.0,3.0,3.0,0.0,0.0,0.0005,1,10.0,5.0,,3,2,1,5.0,2.0,3.0
44,3,Monster,4.5,Medium,4.0,0,1,0,1,1,0,1,3.0,3.0,3.0,3.0,0.0,0.0,0.0005,1,10.0,5.0,,3,2,1,5.0,2.0,3.0
44,4,Celsius,2.5,Light,7.0,0,0,0,0,0,0,0,3.0,3.0,3.0,3.0,0.0,0.0,0.0005,1,10.0,5.0,,3,2,1,5.0,2.0,3.0
44,5,Red Bull,3.5,Medium,5.0,1,0,1,0,1,0,1,3.0,3.0,3.0,3.0,0.0,0.0,0.0005,1,10.0,5.0,,3,2,1,5.0,2.0,3.0
44,6,Celsius,2.5,Medium,7.0,0,0,0,0,1,0,1,3.0,3.0,3.0,3.0,0.0,0.0,0.0005,1,10.0,5.0,,3,2,1,5.0,2.0,3.0
44,7,Red Bull,4.5,High,4.0,1,0,0,1,0,1,2,3.0,3.0,3.0,3.0,0.0,0.0,0.0005,1,10.0,5.0,,3,2,1,5.0,2.0,3.0
44,8,Monster,3.5,High,5.0,0,1,1,0,0,1,2,3.0,3.0,3.0,3.0,0.0,0.0,0.0005,1,10.0,5.0,,3,2,1,5.0,2.0,3.0
44,9,Celsius,4.5,High,4.0,0,0,0,1,0,1,2,3.0,3.0,3.0,3.0,0.0,0.0,0.0005,1,10.0,5.0,,3,2,1,5.0,2.0,3.0
44,10,Red Bull,2.5,High,7.0,1,0,0,0,0,1,2,3.0,3.0,3.0,3.0,0.0,0.0,0.0005,1,10.0,5.0,,3,2,1,5.0,2.0,3.0
44,11,Monster,3.5,Light,5.0,0,1,1,0,0,0,0,3.0,3.0,3.0,3.0,0.0,0.0,0.0005,1,10.0,5.0,,3,2,1,5.0,2.0,3.0
45,0,Celsius,3.5,High,6.0,0,0,1,0,0,1,2,5.0,1.0,6.0,1.0,0.0,0.0,0.15,1,4.0,3.0,35.0,3,2,1,5.0,3.0,3.25
45,1,Monster,2.5,High,6.0,0,1,0,0,0,1,2,5.0,1.0,6.0,1.0,0.0,0.0,0.15,1,4.0,3.0,35.0,3,2,1,5.0,3.0,3.25
45,2,Red Bull,4.5,Light,3.0,1,0,0,1,0,0,0,5.0,1.0,6.0,1.0,0.0,0.0,0.15,1,4.0,3.0,35.0,3,2,1,5.0,3.0,3.25
45,3,Monster,4.5,Medium,3.0,0,1,0,1,1,0,1,5.0,1.0,6.0,1.0,0.0,0.0,0.15,1,4.0,3.0,35.0,3,2,1,5.0,3.0,3.25
45,4,Celsius,2.5,Light,6.0,0,0,0,0,0,0,0,5.0,1.0,6.0,1.0,0.0,0.0,0.15,1,4.0,3.0,35.0,3,2,1,5.0,3.0,3.25
45,5,Red Bull,3.5,Medium,4.0,1,0,1,0,1,0,1,5.0,1.0,6.0,1.0,0.0,0.0,0.15,1,4.0,3.0,35.0,3,2,1,5.0,3.0,3.25
45,6,Celsius,2.5,Medium,6.0,0,0,0,0,1,0,1,5.0,1.0,6.0,1.0,0.0,0.0,0.15,1,4.0,3.0,35.0,3,2,1,5.0,3.0,3.25
45,7,Red Bull,4.5,High,3.0,1,0,0,1,0,1,2,5.0,1.0,6.0,1.0,0.0,0.0,0.15,1,4.0,3.0,35.0,3,2,1,5.0,3.0,3.25
45,8,Monster,3.5,High,4.0,0,1,1,0,0,1,2,5.0,1.0,6.0,1.0,0.0,0.0,0.15,1,4.0,3.0,35.0,3,2,1,5.0,3.0,3.25
45,9,Celsius,4.5,High,3.0,0,0,0,1,0,1,2,5.0,1.0,6.0,1.0,0.0,0.0,0.15,1,4.0,3.0,35.0,3,2,1,5.0,3.0,3.25
45,10,Red Bull,2.5,High,5.0,1,0,0,0,0,1,2,5.0,1.0,6.0,1.0,0.0,0.0,0.15,1,4.0,3.0,35.0,3,2,1,5.0,3.0,3.25
45,11,Monster,3.5,Light,4.0,0,1,1,0,0,0,0,5.0,1.0,6.0,1.0,0.0,0.0,0.15,1,4.0,3.0,35.0,3,2,1,5.0,3.0,3.25
46,0,Celsius,3.5,High,4.0,0,0,1,0,0,1,2,1.0,1.0,7.0,4.0,0.0,0.0,0.0,1,7.5,1.0,400.0,2,1,3,5.0,5.0,3.25
46,1,Monster,2.5,High,7.0,0,1,0,0,0,1,2,1.0,1.0,7.0,4.0,0.0,0.0,0.0,1,7.5,1.0,400.0,2,1,3,5.0,5.0,3.25
46,2,Red Bull,4.5,Light,2.0,1,0,0,1,0,0,0,1.0,1.0,7.0,4.0,0.0,0.0,0.0,1,7.5,1.0,400.0,2,1,3,5.0,5.0,3.25
46,3,Monster,4.5,Medium,7.0,0,1,0,1,1,0,1,1.0,1.0,7.0,4.0,0.0,0.0,0.0,1,7.5,1.0,400.0,2,1,3,5.0,5.0,3.25
46,4,Celsius,2.5,Light,1.0,0,0,0,0,0,0,0,1.0,1.0,7.0,4.0,0.0,0.0,0.0,1,7.5,1.0,400.0,2,1,3,5.0,5.0,3.25
46,5,Red Bull,3.5,Medium,4.0,1,0,1,0,1,0,1,1.0,1.0,7.0,4.0,0.0,0.0,0.0,1,7.5,1.0,400.0,2,1,3,5.0,5.0,3.25
46,6,Celsius,2.5,Medium,2.0,0,0,0,0,1,0,1,1.0,1.0,7.0,4.0,0.0,0.0,0.0,1,7.5,1.0,400.0,2,1,3,5.0,5.0,3.25
46,7,Red Bull,4.5,High,5.0,1,0,0,1,0,1,2,1.0,1.0,7.0,4.0,0.0,0.0,0.0,1,7.5,1.0,400.0,2,1,3,5.0,5.0,3.25
46,8,Monster,3.5,High,7.0,0,1,1,0,0,1,2,1.0,1.0,7.0,4.0,0.0,0.0,0.0,1,7.5,1.0,400.0,2,1,3,5.0,5.0,3.25
46,9,Celsius,4.5,High,3.0,0,0,0,1,0,1,2,1.0,1.0,7.0,4.0,0.0,0.0,0.0,1,7.5,1.0,400.0,2,1,3,5.0,5.0,3.25
46,10,Red Bull,2.5,High,5.0,1,0,0,0,0,1,2,1.0,1.0,7.0,4.0,0.0,0.0,0.0,1,7.5,1.0,400.0,2,1,3,5.0,5.0,3.25
46,11,Monster,3.5,Light,4.0,0,1,1,0,0,0,0,1.0,1.0,7.0,4.0,0.0,0.0,0.0,1,7.5,1.0,400.0,2,1,3,5.0,5.0,3.25
47,0,Celsius,3.5,High,4.0,0,0,1,0,0,1,2,1.0,1.0,7.0,4.0,0.0,0.0,0.05,1,0.0,3.0,75.0,2,3,1,3.0,3.0,3.25
47,1,Monster,2.5,High,4.0,0,1,0,0,0,1,2,1.0,1.0,7.0,4.0,0.0,0.0,0.05,1,0.0,3.0,75.0,2,3,1,3.0,3.0,3.25
47,2,Red Bull,4.5,Light,2.0,1,0,0,1,0,0,0,1.0,1.0,7.0,4.0,0.0,0.0,0.05,1,0.0,3.0,75.0,2,3,1,3.0,3.0,3.25
47,3,Monster,4.5,Medium,2.0,0,1,0,1,1,0,1,1.0,1.0,7.0,4.0,0.0,0.0,0.05,1,0.0,3.0,75.0,2,3,1,3.0,3.0,3.25
47,4,Celsius,2.5,Light,6.0,0,0,0,0,0,0,0,1.0,1.0,7.0,4.0,0.0,0.0,0.05,1,0.0,3.0,75.0,2,3,1,3.0,3.0,3.25
47,5,Red Bull,3.5,Medium,3.0,1,0,1,0,1,0,1,1.0,1.0,7.0,4.0,0.0,0.0,0.05,1,0.0,3.0,75.0,2,3,1,3.0,3.0,3.25
47,6,Celsius,2.5,Medium,6.0,0,0,0,0,1,0,1,1.0,1.0,7.0,4.0,0.0,0.0,0.05,1,0.0,3.0,75.0,2,3,1,3.0,3.0,3.25
47,7,Red Bull,4.5,High,2.0,1,0,0,1,0,1,2,1.0,1.0,7.0,4.0,0.0,0.0,0.05,1,0.0,3.0,75.0,2,3,1,3.0,3.0,3.25
47,8,Monster,3.5,High,2.0,0,1,1,0,0,1,2,1.0,1.0,7.0,4.0,0.0,0.0,0.05,1,0.0,3.0,75.0,2,3,1,3.0,3.0,3.25
47,9,Celsius,4.5,High,1.0,0,0,0,1,0,1,2,1.0,1.0,7.0,4.0,0.0,0.0,0.05,1,0.0,3.0,75.0,2,3,1,3.0,3.0,3.25
47,10,Red Bull,2.5,High,7.0,1,0,0,0,0,1,2,1.0,1.0,7.0,4.0,0.0,0.0,0.05,1,0.0,3.0,75.0,2,3,1,3.0,3.0,3.25
47,11,Monster,3.5,Light,2.0,0,1,1,0,0,0,0,1.0,1.0,7.0,4.0,0.0,0.0,0.05,1,0.0,3.0,75.0,2,3,1,3.0,3.0,3.25
49,0,Celsius,3.5,High,5.0,0,0,1,0,0,1,2,4.0,2.0,6.0,6.0,0.0,0.0,0.4,1,0.0,2.0,0.0,3,3,3,4.0,3.0,4.5
49,1,Monster,2.5,High,6.0,0,1,0,0,0,1,2,4.0,2.0,6.0,6.0,0.0,0.0,0.4,1,0.0,2.0,0.0,3,3,3,4.0,3.0,4.5
49,2,Red Bull,4.5,Light,3.0,1,0,0,1,0,0,0,4.0,2.0,6.0,6.0,0.0,0.0,0.4,1,0.0,2.0,0.0,3,3,3,4.0,3.0,4.5
49,3,Monster,4.5,Medium,4.0,0,1,0,1,1,0,1,4.0,2.0,6.0,6.0,0.0,0.0,0.4,1,0.0,2.0,0.0,3,3,3,4.0,3.0,4.5
49,4,Celsius,2.5,Light,2.0,0,0,0,0,0,0,0,4.0,2.0,6.0,6.0,0.0,0.0,0.4,1,0.0,2.0,0.0,3,3,3,4.0,3.0,4.5
49,5,Red Bull,3.5,Medium,4.0,1,0,1,0,1,0,1,4.0,2.0,6.0,6.0,0.0,0.0,0.4,1,0.0,2.0,0.0,3,3,3,4.0,3.0,4.5
49,6,Celsius,2.5,Medium,6.0,0,0,0,0,1,0,1,4.0,2.0,6.0,6.0,0.0,0.0,0.4,1,0.0,2.0,0.0,3,3,3,4.0,3.0,4.5
49,7,Red Bull,4.5,High,3.0,1,0,0,1,0,1,2,4.0,2.0,6.0,6.0,0.0,0.0,0.4,1,0.0,2.0,0.0,3,3,3,4.0,3.0,4.5
49,8,Monster,3.5,High,6.0,0,1,1,0,0,1,2,4.0,2.0,6.0,6.0,0.0,0.0,0.4,1,0.0,2.0,0.0,3,3,3,4.0,3.0,4.5
49,9,Celsius,4.5,High,4.0,0,0,0,1,0,1,2,4.0,2.0,6.0,6.0,0.0,0.0,0.4,1,0.0,2.0,0.0,3,3,3,4.0,3.0,4.5
49,10,Red Bull,2.5,High,6.0,1,0,0,0,0,1,2,4.0,2.0,6.0,6.0,0.0,0.0,0.4,1,0.0,2.0,0.0,3,3,3,4.0,3.0,4.5
49,11,Monster,3.5,Light,4.0,0,1,1,0,0,0,0,4.0,2.0,6.0,6.0,0.0,0.0,0.4,1,0.0,2.0,0.0,3,3,3,4.0,3.0,4.5
50,0,Celsius,3.5,High,6.0,0,0,1,0,0,1,2,2.0,1.0,5.0,2.0,0.0,0.0,0.3,1,1.0,3.0,,2,3,1,4.0,3.0,2.5
50,1,Monster,2.5,High,4.0,0,1,0,0,0,1,2,2.0,1.0,5.0,2.0,0.0,0.0,0.3,1,1.0,3.0,,2,3,1,4.0,3.0,2.5
50,2,Red Bull,4.5,Light,3.0,1,0,0,1,0,0,0,2.0,1.0,5.0,2.0,0.0,0.0,0.3,1,1.0,3.0,,2,3,1,4.0,3.0,2.5
50,3,Monster,4.5,Medium,3.0,0,1,0,1,1,0,1,2.0,1.0,5.0,2.0,0.0,0.0,0.3,1,1.0,3.0,,2,3,1,4.0,3.0,2.5
50,4,Celsius,2.5,Light,7.0,0,0,0,0,0,0,0,2.0,1.0,5.0,2.0,0.0,0.0,0.3,1,1.0,3.0,,2,3,1,4.0,3.0,2.5
50,5,Red Bull,3.5,Medium,4.0,1,0,1,0,1,0,1,2.0,1.0,5.0,2.0,0.0,0.0,0.3,1,1.0,3.0,,2,3,1,4.0,3.0,2.5
50,6,Celsius,2.5,Medium,6.0,0,0,0,0,1,0,1,2.0,1.0,5.0,2.0,0.0,0.0,0.3,1,1.0,3.0,,2,3,1,4.0,3.0,2.5
50,7,Red Bull,4.5,High,3.0,1,0,0,1,0,1,2,2.0,1.0,5.0,2.0,0.0,0.0,0.3,1,1.0,3.0,,2,3,1,4.0,3.0,2.5
50,8,Monster,3.5,High,3.0,0,1,1,0,0,1,2,2.0,1.0,5.0,2.0,0.0,0.0,0.3,1,1.0,3.0,,2,3,1,4.0,3.0,2.5
50,9,Celsius,4.5,High,3.0,0,0,0,1,0,1,2,2.0,1.0,5.0,2.0,0.0,0.0,0.3,1,1.0,3.0,,2,3,1,4.0,3.0,2.5
50,10,Red Bull,2.5,High,4.0,1,0,0,0,0,1,2,2.0,1.0,5.0,2.0,0.0,0.0,0.3,1,1.0,3.0,,2,3,1,4.0,3.0,2.5
50,11,Monster,3.5,Light,3.0,0,1,1,0,0,0,0,2.0,1.0,5.0,2.0,0.0,0.0,0.3,1,1.0,3.0,,2,3,1,4.0,3.0,2.5
51,0,Celsius,3.5,High,7.0,0,0,1,0,0,1,2,1.0,4.0,3.0,6.0,0.0,0.0,0.3,1,1.0,3.0,70.0,2,3,1,4.0,3.0,3.5
51,1,Monster,2.5,High,2.0,0,1,0,0,0,1,2,1.0,4.0,3.0,6.0,0.0,0.0,0.3,1,1.0,3.0,70.0,2,3,1,4.0,3.0,3.5
51,2,Red Bull,4.5,Light,4.0,1,0,0,1,0,0,0,1.0,4.0,3.0,6.0,0.0,0.0,0.3,1,1.0,3.0,70.0,2,3,1,4.0,3.0,3.5
51,3,Monster,4.5,Medium,2.0,0,1,0,1,1,0,1,1.0,4.0,3.0,6.0,0.0,0.0,0.3,1,1.0,3.0,70.0,2,3,1,4.0,3.0,3.5
51,4,Celsius,2.5,Light,7.0,0,0,0,0,0,0,0,1.0,4.0,3.0,6.0,0.0,0.0,0.3,1,1.0,3.0,70.0,2,3,1,4.0,3.0,3.5
51,5,Red Bull,3.5,Medium,4.0,1,0,1,0,1,0,1,1.0,4.0,3.0,6.0,0.0,0.0,0.3,1,1.0,3.0,70.0,2,3,1,4.0,3.0,3.5
51,6,Celsius,2.5,Medium,7.0,0,0,0,0,1,0,1,1.0,4.0,3.0,6.0,0.0,0.0,0.3,1,1.0,3.0,70.0,2,3,1,4.0,3.0,3.5
51,7,Red Bull,4.5,High,4.0,1,0,0,1,0,1,2,1.0,4.0,3.0,6.0,0.0,0.0,0.3,1,1.0,3.0,70.0,2,3,1,4.0,3.0,3.5
51,8,Monster,3.5,High,1.0,0,1,1,0,0,1,2,1.0,4.0,3.0,6.0,0.0,0.0,0.3,1,1.0,3.0,70.0,2,3,1,4.0,3.0,3.5
51,9,Celsius,4.5,High,7.0,0,0,0,1,0,1,2,1.0,4.0,3.0,6.0,0.0,0.0,0.3,1,1.0,3.0,70.0,2,3,1,4.0,3.0,3.5
51,10,Red Bull,2.5,High,4.0,1,0,0,0,0,1,2,1.0,4.0,3.0,6.0,0.0,0.0,0.3,1,1.0,3.0,70.0,2,3,1,4.0,3.0,3.5
51,11,Monster,3.5,Light,2.0,0,1,1,0,0,0,0,1.0,4.0,3.0,6.0,0.0,0.0,0.3,1,1.0,3.0,70.0,2,3,1,4.0,3.0,3.5
52,0,Celsius,3.5,High,6.0,0,0,1,0,0,1,2,1.0,1.0,4.0,1.0,0.0,0.0,0.1,1,7.0,1.0,400.0,3,1,2,4.0,4.0,1.75
52,1,Monster,2.5,High,7.0,0,1,0,0,0,1,2,1.0,1.0,4.0,1.0,0.0,0.0,0.1,1,7.0,1.0,400.0,3,1,2,4.0,4.0,1.75
52,2,Red Bull,4.5,Light,4.0,1,0,0,1,0,0,0,1.0,1.0,4.0,1.0,0.0,0.0,0.1,1,7.0,1.0,400.0,3,1,2,4.0,4.0,1.75
52,3,Monster,4.5,Medium,5.0,0,1,0,1,1,0,1,1.0,1.0,4.0,1.0,0.0,0.0,0.1,1,7.0,1.0,400.0,3,1,2,4.0,4.0,1.75
52,4,Celsius,2.5,Light,6.0,0,0,0,0,0,0,0,1.0,1.0,4.0,1.0,0.0,0.0,0.1,1,7.0,1.0,400.0,3,1,2,4.0,4.0,1.75
52,5,Red Bull,3.5,Medium,4.0,1,0,1,0,1,0,1,1.0,1.0,4.0,1.0,0.0,0.0,0.1,1,7.0,1.0,400.0,3,1,2,4.0,4.0,1.75
52,6,Celsius,2.5,Medium,6.0,0,0,0,0,1,0,1,1.0,1.0,4.0,1.0,0.0,0.0,0.1,1,7.0,1.0,400.0,3,1,2,4.0,4.0,1.75
52,7,Red Bull,4.5,High,4.0,1,0,0,1,0,1,2,1.0,1.0,4.0,1.0,0.0,0.0,0.1,1,7.0,1.0,400.0,3,1,2,4.0,4.0,1.75
52,8,Monster,3.5,High,6.0,0,1,1,0,0,1,2,1.0,1.0,4.0,1.0,0.0,0.0,0.1,1,7.0,1.0,400.0,3,1,2,4.0,4.0,1.75
52,9,Celsius,4.5,High,5.0,0,0,0,1,0,1,2,1.0,1.0,4.0,1.0,0.0,0.0,0.1,1,7.0,1.0,400.0,3,1,2,4.0,4.0,1.75
52,10,Red Bull,2.5,High,5.0,1,0,0,0,0,1,2,1.0,1.0,4.0,1.0,0.0,0.0,0.1,1,7.0,1.0,400.0,3,1,2,4.0,4.0,1.75
52,11,Monster,3.5,Light,6.0,0,1,1,0,0,0,0,1.0,1.0,4.0,1.0,0.0,0.0,0.1,1,7.0,1.0,400.0,3,1,2,4.0,4.0,1.75
53,0,Celsius,3.5,High,6.0,0,0,1,0,0,1,2,1.0,7.0,4.0,4.0,0.0,0.0,0.0,1,5.0,3.0,50.0,3,2,1,4.0,3.0,4.0
53,1,Monster,2.5,High,5.0,0,1,0,0,0,1,2,1.0,7.0,4.0,4.0,0.0,0.0,0.0,1,5.0,3.0,50.0,3,2,1,4.0,3.0,4.0
53,2,Red Bull,4.5,Light,1.0,1,0,0,1,0,0,0,1.0,7.0,4.0,4.0,0.0,0.0,0.0,1,5.0,3.0,50.0,3,2,1,4.0,3.0,4.0
53,3,Monster,4.5,Medium,3.0,0,1,0,1,1,0,1,1.0,7.0,4.0,4.0,0.0,0.0,0.0,1,5.0,3.0,50.0,3,2,1,4.0,3.0,4.0
53,4,Celsius,2.5,Light,7.0,0,0,0,0,0,0,0,1.0,7.0,4.0,4.0,0.0,0.0,0.0,1,5.0,3.0,50.0,3,2,1,4.0,3.0,4.0
53,5,Red Bull,3.5,Medium,1.0,1,0,1,0,1,0,1,1.0,7.0,4.0,4.0,0.0,0.0,0.0,1,5.0,3.0,50.0,3,2,1,4.0,3.0,4.0
53,6,Celsius,2.5,Medium,7.0,0,0,0,0,1,0,1,1.0,7.0,4.0,4.0,0.0,0.0,0.0,1,5.0,3.0,50.0,3,2,1,4.0,3.0,4.0
53,7,Red Bull,4.5,High,1.0,1,0,0,1,0,1,2,1.0,7.0,4.0,4.0,0.0,0.0,0.0,1,5.0,3.0,50.0,3,2,1,4.0,3.0,4.0
53,8,Monster,3.5,High,4.0,0,1,1,0,0,1,2,1.0,7.0,4.0,4.0,0.0,0.0,0.0,1,5.0,3.0,50.0,3,2,1,4.0,3.0,4.0
53,9,Celsius,4.5,High,3.0,0,0,0,1,0,1,2,1.0,7.0,4.0,4.0,0.0,0.0,0.0,1,5.0,3.0,50.0,3,2,1,4.0,3.0,4.0
53,10,Red Bull,2.5,High,2.0,1,0,0,0,0,1,2,1.0,7.0,4.0,4.0,0.0,0.0,0.0,1,5.0,3.0,50.0,3,2,1,4.0,3.0,4.0
53,11,Monster,3.5,Light,4.0,0,1,1,0,0,0,0,1.0,7.0,4.0,4.0,0.0,0.0,0.0,1,5.0,3.0,50.0,3,2,1,4.0,3.0,4.0
54,0,Celsius,3.5,High,5.0,0,0,1,0,0,1,2,1.0,1.0,6.0,5.0,0.0,0.0,0.3,1,0.0,4.0,20.0,3,2,1,4.0,3.0,3.25
54,1,Monster,2.5,High,6.0,0,1,0,0,0,1,2,1.0,1.0,6.0,5.0,0.0,0.0,0.3,1,0.0,4.0,20.0,3,2,1,4.0,3.0,3.25
54,2,Red Bull,4.5,Light,3.0,1,0,0,1,0,0,0,1.0,1.0,6.0,5.0,0.0,0.0,0.3,1,0.0,4.0,20.0,3,2,1,4.0,3.0,3.25
54,3,Monster,4.5,Medium,4.0,0,1,0,1,1,0,1,1.0,1.0,6.0,5.0,0.0,0.0,0.3,1,0.0,4.0,20.0,3,2,1,4.0,3.0,3.25
54,4,Celsius,2.5,Light,6.0,0,0,0,0,0,0,0,1.0,1.0,6.0,5.0,0.0,0.0,0.3,1,0.0,4.0,20.0,3,2,1,4.0,3.0,3.25
54,5,Red Bull,3.5,Medium,5.0,1,0,1,0,1,0,1,1.0,1.0,6.0,5.0,0.0,0.0,0.3,1,0.0,4.0,20.0,3,2,1,4.0,3.0,3.25
54,6,Celsius,2.5,Medium,6.0,0,0,0,0,1,0,1,1.0,1.0,6.0,5.0,0.0,0.0,0.3,1,0.0,4.0,20.0,3,2,1,4.0,3.0,3.25
54,7,Red Bull,4.5,High,3.0,1,0,0,1,0,1,2,1.0,1.0,6.0,5.0,0.0,0.0,0.3,1,0.0,4.0,20.0,3,2,1,4.0,3.0,3.25
54,8,Monster,3.5,High,5.0,0,1,1,0,0,1,2,1.0,1.0,6.0,5.0,0.0,0.0,0.3,1,0.0,4.0,20.0,3,2,1,4.0,3.0,3.25
54,9,Celsius,4.5,High,4.0,0,0,0,1,0,1,2,1.0,1.0,6.0,5.0,0.0,0.0,0.3,1,0.0,4.0,20.0,3,2,1,4.0,3.0,3.25
54,10,Red Bull,2.5,High,6.0,1,0,0,0,0,1,2,1.0,1.0,6.0,5.0,0.0,0.0,0.3,1,0.0,4.0,20.0,3,2,1,4.0,3.0,3.25
54,11,Monster,3.5,Light,4.0,0,1,1,0,0,0,0,1.0,1.0,6.0,5.0,0.0,0.0,0.3,1,0.0,4.0,20.0,3,2,1,4.0,3.0,3.25
55,0,Celsius,3.5,High,6.0,0,0,1,0,0,1,2,4.0,2.0,6.0,6.0,1.0,0.0,0.005,1,0.0,1.0,75.0,2,3,1,4.0,4.0,4.5
55,1,Monster,2.5,High,6.0,0,1,0,0,0,1,2,4.0,2.0,6.0,6.0,1.0,0.0,0.005,1,0.0,1.0,75.0,2,3,1,4.0,4.0,4.5
55,2,Red Bull,4.5,Light,2.0,1,0,0,1,0,0,0,4.0,2.0,6.0,6.0,1.0,0.0,0.005,1,0.0,1.0,75.0,2,3,1,4.0,4.0,4.5
55,3,Monster,4.5,Medium,4.0,0,1,0,1,1,0,1,4.0,2.0,6.0,6.0,1.0,0.0,0.005,1,0.0,1.0,75.0,2,3,1,4.0,4.0,4.5
55,4,Celsius,2.5,Light,4.0,0,0,0,0,0,0,0,4.0,2.0,6.0,6.0,1.0,0.0,0.005,1,0.0,1.0,75.0,2,3,1,4.0,4.0,4.5
55,5,Red Bull,3.5,Medium,4.0,1,0,1,0,1,0,1,4.0,2.0,6.0,6.0,1.0,0.0,0.005,1,0.0,1.0,75.0,2,3,1,4.0,4.0,4.5
55,6,Celsius,2.5,Medium,4.0,0,0,0,0,1,0,1,4.0,2.0,6.0,6.0,1.0,0.0,0.005,1,0.0,1.0,75.0,2,3,1,4.0,4.0,4.5
55,7,Red Bull,4.5,High,6.0,1,0,0,1,0,1,2,4.0,2.0,6.0,6.0,1.0,0.0,0.005,1,0.0,1.0,75.0,2,3,1,4.0,4.0,4.5
55,8,Monster,3.5,High,6.0,0,1,1,0,0,1,2,4.0,2.0,6.0,6.0,1.0,0.0,0.005,1,0.0,1.0,75.0,2,3,1,4.0,4.0,4.5
55,9,Celsius,4.5,High,6.0,0,0,0,1,0,1,2,4.0,2.0,6.0,6.0,1.0,0.0,0.005,1,0.0,1.0,75.0,2,3,1,4.0,4.0,4.5
55,10,Red Bull,2.5,High,6.0,1,0,0,0,0,1,2,4.0,2.0,6.0,6.0,1.0,0.0,0.005,1,0.0,1.0,75.0,2,3,1,4.0,4.0,4.5
55,11,Monster,3.5,Light,4.0,0,1,1,0,0,0,0,4.0,2.0,6.0,6.0,1.0,0.0,0.005,1,0.0,1.0,75.0,2,3,1,4.0,4.0,4.5
56,0,Celsius,3.5,High,2.0,0,0,1,0,0,1,2,5.0,2.0,7.0,3.0,0.0,0.0,0.0025,1,0.0,3.0,35.0,2,1,3,5.0,3.0,4.25
56,1,Monster,2.5,High,5.0,0,1,0,0,0,1,2,5.0,2.0,7.0,3.0,0.0,0.0,0.0025,1,0.0,3.0,35.0,2,1,3,5.0,3.0,4.25
56,2,Red Bull,4.5,Light,3.0,1,0,0,1,0,0,0,5.0,2.0,7.0,3.0,0.0,0.0,0.0025,1,0.0,3.0,35.0,2,1,3,5.0,3.0,4.25
56,3,Monster,4.5,Medium,5.0,0,1,0,1,1,0,1,5.0,2.0,7.0,3.0,0.0,0.0,0.0025,1,0.0,3.0,35.0,2,1,3,5.0,3.0,4.25
56,4,Celsius,2.5,Light,2.0,0,0,0,0,0,0,0,5.0,2.0,7.0,3.0,0.0,0.0,0.0025,1,0.0,3.0,35.0,2,1,3,5.0,3.0,4.25
56,5,Red Bull,3.5,Medium,4.0,1,0,1,0,1,0,1,5.0,2.0,7.0,3.0,0.0,0.0,0.0025,1,0.0,3.0,35.0,2,1,3,5.0,3.0,4.25
56,6,Celsius,2.5,Medium,2.0,0,0,0,0,1,0,1,5.0,2.0,7.0,3.0,0.0,0.0,0.0025,1,0.0,3.0,35.0,2,1,3,5.0,3.0,4.25
56,7,Red Bull,4.5,High,3.0,1,0,0,1,0,1,2,5.0,2.0,7.0,3.0,0.0,0.0,0.0025,1,0.0,3.0,35.0,2,1,3,5.0,3.0,4.25
56,8,Monster,3.5,High,5.0,0,1,1,0,0,1,2,5.0,2.0,7.0,3.0,0.0,0.0,0.0025,1,0.0,3.0,35.0,2,1,3,5.0,3.0,4.25
56,9,Celsius,4.5,High,2.0,0,0,0,1,0,1,2,5.0,2.0,7.0,3.0,0.0,0.0,0.0025,1,0.0,3.0,35.0,2,1,3,5.0,3.0,4.25
56,10,Red Bull,2.5,High,5.0,1,0,0,0,0,1,2,5.0,2.0,7.0,3.0,0.0,0.0,0.0025,1,0.0,3.0,35.0,2,1,3,5.0,3.0,4.25
56,11,Monster,3.5,Light,5.0,0,1,1,0,0,0,0,5.0,2.0,7.0,3.0,0.0,0.0,0.0025,1,0.0,3.0,35.0,2,1,3,5.0,3.0,4.25
57,0,Celsius,3.5,High,6.0,0,0,1,0,0,1,2,3.0,3.0,4.0,3.0,,1.0,0.002,1,7.0,2.0,40.0,2,3,1,4.0,4.0,3.25
57,1,Monster,2.5,High,5.0,0,1,0,0,0,1,2,3.0,3.0,4.0,3.0,,1.0,0.002,1,7.0,2.0,40.0,2,3,1,4.0,4.0,3.25
57,2,Red Bull,4.5,Light,4.0,1,0,0,1,0,0,0,3.0,3.0,4.0,3.0,,1.0,0.002,1,7.0,2.0,40.0,2,3,1,4.0,4.0,3.25
57,3,Monster,4.5,Medium,3.0,0,1,0,1,1,0,1,3.0,3.0,4.0,3.0,,1.0,0.002,1,7.0,2.0,40.0,2,3,1,4.0,4.0,3.25
57,4,Celsius,2.5,Light,5.0,0,0,0,0,0,0,0,3.0,3.0,4.0,3.0,,1.0,0.002,1,7.0,2.0,40.0,2,3,1,4.0,4.0,3.25
57,5,Red Bull,3.5,Medium,5.0,1,0,1,0,1,0,1,3.0,3.0,4.0,3.0,,1.0,0.002,1,7.0,2.0,40.0,2,3,1,4.0,4.0,3.25
57,6,Celsius,2.5,Medium,5.0,0,0,0,0,1,0,1,3.0,3.0,4.0,3.0,,1.0,0.002,1,7.0,2.0,40.0,2,3,1,4.0,4.0,3.25
57,7,Red Bull,4.5,High,2.0,1,0,0,1,0,1,2,3.0,3.0,4.0,3.0,,1.0,0.002,1,7.0,2.0,40.0,2,3,1,4.0,4.0,3.25
57,8,Monster,3.5,High,3.0,0,1,1,0,0,1,2,3.0,3.0,4.0,3.0,,1.0,0.002,1,7.0,2.0,40.0,2,3,1,4.0,4.0,3.25
57,9,Celsius,4.5,High,3.0,0,0,0,1,0,1,2,3.0,3.0,4.0,3.0,,1.0,0.002,1,7.0,2.0,40.0,2,3,1,4.0,4.0,3.25
57,10,Red Bull,2.5,High,7.0,1,0,0,0,0,1,2,3.0,3.0,4.0,3.0,,1.0,0.002,1,7.0,2.0,40.0,2,3,1,4.0,4.0,3.25
57,11,Monster,3.5,Light,4.0,0,1,1,0,0,0,0,3.0,3.0,4.0,3.0,,1.0,0.002,1,7.0,2.0,40.0,2,3,1,4.0,4.0,3.25
58,0,Celsius,3.5,High,6.0,0,0,1,0,0,1,2,4.0,2.0,7.0,7.0,1.0,1.0,0.2,1,1.0,5.0,10.0,2,3,1,5.0,4.0,5.0
58,1,Monster,2.5,High,7.0,0,1,0,0,0,1,2,4.0,2.0,7.0,7.0,1.0,1.0,0.2,1,1.0,5.0,10.0,2,3,1,5.0,4.0,5.0
58,2,Red Bull,4.5,Light,2.0,1,0,0,1,0,0,0,4.0,2.0,7.0,7.0,1.0,1.0,0.2,1,1.0,5.0,10.0,2,3,1,5.0,4.0,5.0
58,3,Monster,4.5,Medium,2.0,0,1,0,1,1,0,1,4.0,2.0,7.0,7.0,1.0,1.0,0.2,1,1.0,5.0,10.0,2,3,1,5.0,4.0,5.0
58,4,Celsius,2.5,Light,6.0,0,0,0,0,0,0,0,4.0,2.0,7.0,7.0,1.0,1.0,0.2,1,1.0,5.0,10.0,2,3,1,5.0,4.0,5.0
58,5,Red Bull,3.5,Medium,6.0,1,0,1,0,1,0,1,4.0,2.0,7.0,7.0,1.0,1.0,0.2,1,1.0,5.0,10.0,2,3,1,5.0,4.0,5.0
58,6,Celsius,2.5,Medium,7.0,0,0,0,0,1,0,1,4.0,2.0,7.0,7.0,1.0,1.0,0.2,1,1.0,5.0,10.0,2,3,1,5.0,4.0,5.0
58,7,Red Bull,4.5,High,3.0,1,0,0,1,0,1,2,4.0,2.0,7.0,7.0,1.0,1.0,0.2,1,1.0,5.0,10.0,2,3,1,5.0,4.0,5.0
58,8,Monster,3.5,High,2.0,0,1,1,0,0,1,2,4.0,2.0,7.0,7.0,1.0,1.0,0.2,1,1.0,5.0,10.0,2,3,1,5.0,4.0,5.0
58,9,Celsius,4.5,High,2.0,0,0,0,1,0,1,2,4.0,2.0,7.0,7.0,1.0,1.0,0.2,1,1.0,5.0,10.0,2,3,1,5.0,4.0,5.0
58,10,Red Bull,2.5,High,7.0,1,0,0,0,0,1,2,4.0,2.0,7.0,7.0,1.0,1.0,0.2,1,1.0,5.0,10.0,2,3,1,5.0,4.0,5.0
58,11,Monster,3.5,Light,2.0,0,1,1,0,0,0,0,4.0,2.0,7.0,7.0,1.0,1.0,0.2,1,1.0,5.0,10.0,2,3,1,5.0,4.0,5.0
59,0,Celsius,3.5,High,5.0,0,0,1,0,0,1,2,2.0,2.0,7.0,5.0,0.0,0.0,0.005,1,0.0,4.0,100.0,2,3,1,4.0,4.0,4.0
59,1,Monster,2.5,High,5.0,0,1,0,0,0,1,2,2.0,2.0,7.0,5.0,0.0,0.0,0.005,1,0.0,4.0,100.0,2,3,1,4.0,4.0,4.0
59,2,Red Bull,4.5,Light,3.0,1,0,0,1,0,0,0,2.0,2.0,7.0,5.0,0.0,0.0,0.005,1,0.0,4.0,100.0,2,3,1,4.0,4.0,4.0
59,3,Monster,4.5,Medium,2.0,0,1,0,1,1,0,1,2.0,2.0,7.0,5.0,0.0,0.0,0.005,1,0.0,4.0,100.0,2,3,1,4.0,4.0,4.0
59,4,Celsius,2.5,Light,5.0,0,0,0,0,0,0,0,2.0,2.0,7.0,5.0,0.0,0.0,0.005,1,0.0,4.0,100.0,2,3,1,4.0,4.0,4.0
59,5,Red Bull,3.5,Medium,5.0,1,0,1,0,1,0,1,2.0,2.0,7.0,5.0,0.0,0.0,0.005,1,0.0,4.0,100.0,2,3,1,4.0,4.0,4.0
59,6,Celsius,2.5,Medium,6.0,0,0,0,0,1,0,1,2.0,2.0,7.0,5.0,0.0,0.0,0.005,1,0.0,4.0,100.0,2,3,1,4.0,4.0,4.0
59,7,Red Bull,4.5,High,2.0,1,0,0,1,0,1,2,2.0,2.0,7.0,5.0,0.0,0.0,0.005,1,0.0,4.0,100.0,2,3,1,4.0,4.0,4.0
59,8,Monster,3.5,High,3.0,0,1,1,0,0,1,2,2.0,2.0,7.0,5.0,0.0,0.0,0.005,1,0.0,4.0,100.0,2,3,1,4.0,4.0,4.0
59,9,Celsius,4.5,High,3.0,0,0,0,1,0,1,2,2.0,2.0,7.0,5.0,0.0,0.0,0.005,1,0.0,4.0,100.0,2,3,1,4.0,4.0,4.0
59,10,Red Bull,2.5,High,6.0,1,0,0,0,0,1,2,2.0,2.0,7.0,5.0,0.0,0.0,0.005,1,0.0,4.0,100.0,2,3,1,4.0,4.0,4.0
59,11,Monster,3.5,Light,5.0,0,1,1,0,0,0,0,2.0,2.0,7.0,5.0,0.0,0.0,0.005,1,0.0,4.0,100.0,2,3,1,4.0,4.0,4.0
60,0,Celsius,3.5,High,6.0,0,0,1,0,0,1,2,1.0,2.0,6.0,5.0,1.0,0.0,0.5,1,6.0,1.0,75.0,2,3,1,4.0,3.0,3.5
60,1,Monster,2.5,High,4.0,0,1,0,0,0,1,2,1.0,2.0,6.0,5.0,1.0,0.0,0.5,1,6.0,1.0,75.0,2,3,1,4.0,3.0,3.5
60,2,Red Bull,4.5,Light,5.0,1,0,0,1,0,0,0,1.0,2.0,6.0,5.0,1.0,0.0,0.5,1,6.0,1.0,75.0,2,3,1,4.0,3.0,3.5
60,3,Monster,4.5,Medium,3.0,0,1,0,1,1,0,1,1.0,2.0,6.0,5.0,1.0,0.0,0.5,1,6.0,1.0,75.0,2,3,1,4.0,3.0,3.5
60,4,Celsius,2.5,Light,6.0,0,0,0,0,0,0,0,1.0,2.0,6.0,5.0,1.0,0.0,0.5,1,6.0,1.0,75.0,2,3,1,4.0,3.0,3.5
60,5,Red Bull,3.5,Medium,5.0,1,0,1,0,1,0,1,1.0,2.0,6.0,5.0,1.0,0.0,0.5,1,6.0,1.0,75.0,2,3,1,4.0,3.0,3.5
60,6,Celsius,2.5,Medium,7.0,0,0,0,0,1,0,1,1.0,2.0,6.0,5.0,1.0,0.0,0.5,1,6.0,1.0,75.0,2,3,1,4.0,3.0,3.5
60,7,Red Bull,4.5,High,3.0,1,0,0,1,0,1,2,1.0,2.0,6.0,5.0,1.0,0.0,0.5,1,6.0,1.0,75.0,2,3,1,4.0,3.0,3.5
60,8,Monster,3.5,High,4.0,0,1,1,0,0,1,2,1.0,2.0,6.0,5.0,1.0,0.0,0.5,1,6.0,1.0,75.0,2,3,1,4.0,3.0,3.5
60,9,Celsius,4.5,High,3.0,0,0,0,1,0,1,2,1.0,2.0,6.0,5.0,1.0,0.0,0.5,1,6.0,1.0,75.0,2,3,1,4.0,3.0,3.5
60,10,Red Bull,2.5,High,7.0,1,0,0,0,0,1,2,1.0,2.0,6.0,5.0,1.0,0.0,0.5,1,6.0,1.0,75.0,2,3,1,4.0,3.0,3.5
60,11,Monster,3.5,Light,4.0,0,1,1,0,0,0,0,1.0,2.0,6.0,5.0,1.0,0.0,0.5,1,6.0,1.0,75.0,2,3,1,4.0,3.0,3.5
61,0,Celsius,3.5,High,7.0,0,0,1,0,0,1,2,1.0,1.0,3.0,4.0,0.0,0.0,0.001,1,0.0,2.0,,1,3,2,4.0,5.0,2.25
61,1,Monster,2.5,High,7.0,0,1,0,0,0,1,2,1.0,1.0,3.0,4.0,0.0,0.0,0.001,1,0.0,2.0,,1,3,2,4.0,5.0,2.25
61,2,Red Bull,4.5,Light,3.0,1,0,0,1,0,0,0,1.0,1.0,3.0,4.0,0.0,0.0,0.001,1,0.0,2.0,,1,3,2,4.0,5.0,2.25
61,3,Monster,4.5,Medium,4.0,0,1,0,1,1,0,1,1.0,1.0,3.0,4.0,0.0,0.0,0.001,1,0.0,2.0,,1,3,2,4.0,5.0,2.25
61,4,Celsius,2.5,Light,5.0,0,0,0,0,0,0,0,1.0,1.0,3.0,4.0,0.0,0.0,0.001,1,0.0,2.0,,1,3,2,4.0,5.0,2.25
61,5,Red Bull,3.5,Medium,4.0,1,0,1,0,1,0,1,1.0,1.0,3.0,4.0,0.0,0.0,0.001,1,0.0,2.0,,1,3,2,4.0,5.0,2.25
61,6,Celsius,2.5,Medium,5.0,0,0,0,0,1,0,1,1.0,1.0,3.0,4.0,0.0,0.0,0.001,1,0.0,2.0,,1,3,2,4.0,5.0,2.25
61,7,Red Bull,4.5,High,4.0,1,0,0,1,0,1,2,1.0,1.0,3.0,4.0,0.0,0.0,0.001,1,0.0,2.0,,1,3,2,4.0,5.0,2.25
61,8,Monster,3.5,High,5.0,0,1,1,0,0,1,2,1.0,1.0,3.0,4.0,0.0,0.0,0.001,1,0.0,2.0,,1,3,2,4.0,5.0,2.25
61,9,Celsius,4.5,High,5.0,0,0,0,1,0,1,2,1.0,1.0,3.0,4.0,0.0,0.0,0.001,1,0.0,2.0,,1,3,2,4.0,5.0,2.25
61,10,Red Bull,2.5,High,6.0,1,0,0,0,0,1,2,1.0,1.0,3.0,4.0,0.0,0.0,0.001,1,0.0,2.0,,1,3,2,4.0,5.0,2.25
61,11,Monster,3.5,Light,2.0,0,1,1,0,0,0,0,1.0,1.0,3.0,4.0,0.0,0.0,0.001,1,0.0,2.0,,1,3,2,4.0,5.0,2.25
62,0,Celsius,3.5,High,5.0,0,0,1,0,0,1,2,2.0,1.0,5.0,6.0,0.0,,,1,,4.0,,1,3,2,4.0,3.0,3.5
62,1,Monster,2.5,High,3.0,0,1,0,0,0,1,2,2.0,1.0,5.0,6.0,0.0,,,1,,4.0,,1,3,2,4.0,3.0,3.5
62,2,Red Bull,4.5,Light,5.0,1,0,0,1,0,0,0,2.0,1.0,5.0,6.0,0.0,,,1,,4.0,,1,3,2,4.0,3.0,3.5
62,3,Monster,4.5,Medium,2.0,0,1,0,1,1,0,1,2.0,1.0,5.0,6.0,0.0,,,1,,4.0,,1,3,2,4.0,3.0,3.5
62,4,Celsius,2.5,Light,6.0,0,0,0,0,0,0,0,2.0,1.0,5.0,6.0,0.0,,,1,,4.0,,1,3,2,4.0,3.0,3.5
62,5,Red Bull,3.5,Medium,5.0,1,0,1,0,1,0,1,2.0,1.0,5.0,6.0,0.0,,,1,,4.0,,1,3,2,4.0,3.0,3.5
62,6,Celsius,2.5,Medium,6.0,0,0,0,0,1,0,1,2.0,1.0,5.0,6.0,0.0,,,1,,4.0,,1,3,2,4.0,3.0,3.5
62,7,Red Bull,4.5,High,4.0,1,0,0,1,0,1,2,2.0,1.0,5.0,6.0,0.0,,,1,,4.0,,1,3,2,4.0,3.0,3.5
62,8,Monster,3.5,High,3.0,0,1,1,0,0,1,2,2.0,1.0,5.0,6.0,0.0,,,1,,4.0,,1,3,2,4.0,3.0,3.5
62,9,Celsius,4.5,High,3.0,0,0,0,1,0,1,2,2.0,1.0,5.0,6.0,0.0,,,1,,4.0,,1,3,2,4.0,3.0,3.5
62,10,Red Bull,2.5,High,6.0,1,0,0,0,0,1,2,2.0,1.0,5.0,6.0,0.0,,,1,,4.0,,1,3,2,4.0,3.0,3.5
62,11,Monster,3.5,Light,3.0,0,1,1,0,0,0,0,2.0,1.0,5.0,6.0,0.0,,,1,,4.0,,1,3,2,4.0,3.0,3.5
63,0,Celsius,3.5,High,6.0,0,0,1,0,0,1,2,1.0,1.0,5.0,6.0,0.5,0.0,0.004,1,2.5,4.0,50.0,2,3,1,5.0,4.0,3.25
63,1,Monster,2.5,High,5.0,0,1,0,0,0,1,2,1.0,1.0,5.0,6.0,0.5,0.0,0.004,1,2.5,4.0,50.0,2,3,1,5.0,4.0,3.25
63,2,Red Bull,4.5,Light,4.0,1,0,0,1,0,0,0,1.0,1.0,5.0,6.0,0.5,0.0,0.004,1,2.5,4.0,50.0,2,3,1,5.0,4.0,3.25
63,3,Monster,4.5,Medium,3.0,0,1,0,1,1,0,1,1.0,1.0,5.0,6.0,0.5,0.0,0.004,1,2.5,4.0,50.0,2,3,1,5.0,4.0,3.25
63,4,Celsius,2.5,Light,6.0,0,0,0,0,0,0,0,1.0,1.0,5.0,6.0,0.5,0.0,0.004,1,2.5,4.0,50.0,2,3,1,5.0,4.0,3.25
63,5,Red Bull,3.5,Medium,5.0,1,0,1,0,1,0,1,1.0,1.0,5.0,6.0,0.5,0.0,0.004,1,2.5,4.0,50.0,2,3,1,5.0,4.0,3.25
63,6,Celsius,2.5,Medium,7.0,0,0,0,0,1,0,1,1.0,1.0,5.0,6.0,0.5,0.0,0.004,1,2.5,4.0,50.0,2,3,1,5.0,4.0,3.25
63,7,Red Bull,4.5,High,5.0,1,0,0,1,0,1,2,1.0,1.0,5.0,6.0,0.5,0.0,0.004,1,2.5,4.0,50.0,2,3,1,5.0,4.0,3.25
63,8,Monster,3.5,High,5.0,0,1,1,0,0,1,2,1.0,1.0,5.0,6.0,0.5,0.0,0.004,1,2.5,4.0,50.0,2,3,1,5.0,4.0,3.25
63,9,Celsius,4.5,High,4.0,0,0,0,1,0,1,2,1.0,1.0,5.0,6.0,0.5,0.0,0.004,1,2.5,4.0,50.0,2,3,1,5.0,4.0,3.25
63,10,Red Bull,2.5,High,7.0,1,0,0,0,0,1,2,1.0,1.0,5.0,6.0,0.5,0.0,0.004,1,2.5,4.0,50.0,2,3,1,5.0,4.0,3.25
63,11,Monster,3.5,Light,3.0,0,1,1,0,0,0,0,1.0,1.0,5.0,6.0,0.5,0.0,0.004,1,2.5,4.0,50.0,2,3,1,5.0,4.0,3.25
64,0,Celsius,3.5,High,7.0,0,0,1,0,0,1,2,2.0,2.0,5.0,4.0,,0.0,0.003,1,1.5,4.0,25.0,2,3,1,5.0,4.0,3.25
64,1,Monster,2.5,High,3.0,0,1,0,0,0,1,2,2.0,2.0,5.0,4.0,,0.0,0.003,1,1.5,4.0,25.0,2,3,1,5.0,4.0,3.25
64,2,Red Bull,4.5,Light,5.0,1,0,0,1,0,0,0,2.0,2.0,5.0,4.0,,0.0,0.003,1,1.5,4.0,25.0,2,3,1,5.0,4.0,3.25
64,3,Monster,4.5,Medium,2.0,0,1,0,1,1,0,1,2.0,2.0,5.0,4.0,,0.0,0.003,1,1.5,4.0,25.0,2,3,1,5.0,4.0,3.25
64,4,Celsius,2.5,Light,6.0,0,0,0,0,0,0,0,2.0,2.0,5.0,4.0,,0.0,0.003,1,1.5,4.0,25.0,2,3,1,5.0,4.0,3.25
64,5,Red Bull,3.5,Medium,4.0,1,0,1,0,1,0,1,2.0,2.0,5.0,4.0,,0.0,0.003,1,1.5,4.0,25.0,2,3,1,5.0,4.0,3.25
64,6,Celsius,2.5,Medium,6.0,0,0,0,0,1,0,1,2.0,2.0,5.0,4.0,,0.0,0.003,1,1.5,4.0,25.0,2,3,1,5.0,4.0,3.25
64,7,Red Bull,4.5,High,2.0,1,0,0,1,0,1,2,2.0,2.0,5.0,4.0,,0.0,0.003,1,1.5,4.0,25.0,2,3,1,5.0,4.0,3.25
64,8,Monster,3.5,High,3.0,0,1,1,0,0,1,2,2.0,2.0,5.0,4.0,,0.0,0.003,1,1.5,4.0,25.0,2,3,1,5.0,4.0,3.25
64,9,Celsius,4.5,High,3.0,0,0,0,1,0,1,2,2.0,2.0,5.0,4.0,,0.0,0.003,1,1.5,4.0,25.0,2,3,1,5.0,4.0,3.25
64,10,Red Bull,2.5,High,5.0,1,0,0,0,0,1,2,2.0,2.0,5.0,4.0,,0.0,0.003,1,1.5,4.0,25.0,2,3,1,5.0,4.0,3.25
64,11,Monster,3.5,Light,3.0,0,1,1,0,0,0,0,2.0,2.0,5.0,4.0,,0.0,0.003,1,1.5,4.0,25.0,2,3,1,5.0,4.0,3.25
65,0,Celsius,3.5,High,2.0,0,0,1,0,0,1,2,2.0,1.0,5.0,5.0,,-1.0,0.98,1,0.0,2.0,50.0,1,3,2,4.0,3.0,3.25
65,1,Monster,2.5,High,4.0,0,1,0,0,0,1,2,2.0,1.0,5.0,5.0,,-1.0,0.98,1,0.0,2.0,50.0,1,3,2,4.0,3.0,3.25
65,2,Red Bull,4.5,Light,1.0,1,0,0,1,0,0,0,2.0,1.0,5.0,5.0,,-1.0,0.98,1,0.0,2.0,50.0,1,3,2,4.0,3.0,3.25
65,3,Monster,4.5,Medium,1.0,0,1,0,1,1,0,1,2.0,1.0,5.0,5.0,,-1.0,0.98,1,0.0,2.0,50.0,1,3,2,4.0,3.0,3.25
65,4,Celsius,2.5,Light,5.0,0,0,0,0,0,0,0,2.0,1.0,5.0,5.0,,-1.0,0.98,1,0.0,2.0,50.0,1,3,2,4.0,3.0,3.25
65,5,Red Bull,3.5,Medium,6.0,1,0,1,0,1,0,1,2.0,1.0,5.0,5.0,,-1.0,0.98,1,0.0,2.0,50.0,1,3,2,4.0,3.0,3.25
65,6,Celsius,2.5,Medium,7.0,0,0,0,0,1,0,1,2.0,1.0,5.0,5.0,,-1.0,0.98,1,0.0,2.0,50.0,1,3,2,4.0,3.0,3.25
65,7,Red Bull,4.5,High,3.0,1,0,0,1,0,1,2,2.0,1.0,5.0,5.0,,-1.0,0.98,1,0.0,2.0,50.0,1,3,2,4.0,3.0,3.25
65,8,Monster,3.5,High,3.0,0,1,1,0,0,1,2,2.0,1.0,5.0,5.0,,-1.0,0.98,1,0.0,2.0,50.0,1,3,2,4.0,3.0,3.25
65,9,Celsius,4.5,High,3.0,0,0,0,1,0,1,2,2.0,1.0,5.0,5.0,,-1.0,0.98,1,0.0,2.0,50.0,1,3,2,4.0,3.0,3.25
65,10,Red Bull,2.5,High,7.0,1,0,0,0,0,1,2,2.0,1.0,5.0,5.0,,-1.0,0.98,1,0.0,2.0,50.0,1,3,2,4.0,3.0,3.25
65,11,Monster,3.5,Light,2.0,0,1,1,0,0,0,0,2.0,1.0,5.0,5.0,,-1.0,0.98,1,0.0,2.0,50.0,1,3,2,4.0,3.0,3.25
